Postcode,SOS_Code,SOS_Name,SOS_Category,Urban_Rural
0800,70,Major Urban,0.0,Urban
0810,70,Major Urban,0.0,Urban
0812,73,Rural Balance,3.0,Rural
0820,70,Major Urban,0.0,Urban
0822,73,Rural Balance,3.0,Rural
0828,70,Major Urban,0.0,Urban
0829,70,Major Urban,0.0,Urban
0830,73,Rural Balance,3.0,Rural
0832,70,Major Urban,0.0,Urban
0834,73,Rural Balance,3.0,Rural
0835,73,Rural Balance,3.0,Rural
0836,73,Rural Balance,3.0,Rural
0837,73,Rural Balance,3.0,Rural
0838,73,Rural Balance,3.0,Rural
0839,70,Major Urban,0.0,Urban
0840,73,Rural Balance,3.0,Rural
0841,73,Rural Balance,3.0,Rural
0845,73,Rural Balance,3.0,Rural
0846,73,Rural Balance,3.0,Rural
0847,72,Bounded Locality,2.0,Rural
0850,71,Other Urban,1.0,Urban
0852,73,Rural Balance,3.0,Rural
0853,73,Rural Balance,3.0,Rural
0854,72,Bounded Locality,2.0,Rural
0860,71,Other Urban,1.0,Urban
0862,73,Rural Balance,3.0,Rural
0870,73,Rural Balance,3.0,Rural
0872,73,Rural Balance,3.0,Rural
0873,73,Rural Balance,3.0,Rural
0874,73,Rural Balance,3.0,Rural
0875,71,Other Urban,1.0,Urban
0880,73,Rural Balance,3.0,Rural
0885,72,Bounded Locality,2.0,Rural
0886,72,Bounded Locality,2.0,Rural
2000,10,Major Urban,0.0,Urban
2007,10,Major Urban,0.0,Urban
2008,10,Major Urban,0.0,Urban
2009,10,Major Urban,0.0,Urban
2010,10,Major Urban,0.0,Urban
2011,10,Major Urban,0.0,Urban
2015,10,Major Urban,0.0,Urban
2016,10,Major Urban,0.0,Urban
2017,10,Major Urban,0.0,Urban
2018,10,Major Urban,0.0,Urban
2019,10,Major Urban,0.0,Urban
2020,10,Major Urban,0.0,Urban
2021,10,Major Urban,0.0,Urban
2022,10,Major Urban,0.0,Urban
2023,10,Major Urban,0.0,Urban
2024,10,Major Urban,0.0,Urban
2025,10,Major Urban,0.0,Urban
2026,10,Major Urban,0.0,Urban
2027,10,Major Urban,0.0,Urban
2028,10,Major Urban,0.0,Urban
2029,10,Major Urban,0.0,Urban
2030,10,Major Urban,0.0,Urban
2031,10,Major Urban,0.0,Urban
2032,10,Major Urban,0.0,Urban
2033,10,Major Urban,0.0,Urban
2034,10,Major Urban,0.0,Urban
2035,10,Major Urban,0.0,Urban
2036,10,Major Urban,0.0,Urban
2037,10,Major Urban,0.0,Urban
2038,10,Major Urban,0.0,Urban
2039,10,Major Urban,0.0,Urban
2040,10,Major Urban,0.0,Urban
2041,10,Major Urban,0.0,Urban
2042,10,Major Urban,0.0,Urban
2043,10,Major Urban,0.0,Urban
2044,10,Major Urban,0.0,Urban
2045,10,Major Urban,0.0,Urban
2046,10,Major Urban,0.0,Urban
2047,10,Major Urban,0.0,Urban
2048,10,Major Urban,0.0,Urban
2049,10,Major Urban,0.0,Urban
2050,10,Major Urban,0.0,Urban
2060,10,Major Urban,0.0,Urban
2061,10,Major Urban,0.0,Urban
2062,10,Major Urban,0.0,Urban
2063,10,Major Urban,0.0,Urban
2064,10,Major Urban,0.0,Urban
2065,10,Major Urban,0.0,Urban
2066,10,Major Urban,0.0,Urban
2067,10,Major Urban,0.0,Urban
2068,10,Major Urban,0.0,Urban
2069,10,Major Urban,0.0,Urban
2070,10,Major Urban,0.0,Urban
2071,10,Major Urban,0.0,Urban
2072,10,Major Urban,0.0,Urban
2073,10,Major Urban,0.0,Urban
2074,10,Major Urban,0.0,Urban
2075,10,Major Urban,0.0,Urban
2076,10,Major Urban,0.0,Urban
2077,10,Major Urban,0.0,Urban
2079,13,Rural Balance,3.0,Rural
2080,10,Major Urban,0.0,Urban
2081,13,Rural Balance,3.0,Rural
2082,13,Rural Balance,3.0,Rural
2083,13,Rural Balance,3.0,Rural
2084,13,Rural Balance,3.0,Rural
2085,10,Major Urban,0.0,Urban
2086,10,Major Urban,0.0,Urban
2087,10,Major Urban,0.0,Urban
2088,10,Major Urban,0.0,Urban
2089,10,Major Urban,0.0,Urban
2090,10,Major Urban,0.0,Urban
2092,10,Major Urban,0.0,Urban
2093,10,Major Urban,0.0,Urban
2094,10,Major Urban,0.0,Urban
2095,10,Major Urban,0.0,Urban
2096,10,Major Urban,0.0,Urban
2097,10,Major Urban,0.0,Urban
2099,10,Major Urban,0.0,Urban
2100,10,Major Urban,0.0,Urban
2101,10,Major Urban,0.0,Urban
2102,10,Major Urban,0.0,Urban
2103,10,Major Urban,0.0,Urban
2104,10,Major Urban,0.0,Urban
2105,11,Other Urban,1.0,Urban
2106,10,Major Urban,0.0,Urban
2107,10,Major Urban,0.0,Urban
2108,10,Major Urban,0.0,Urban
2110,10,Major Urban,0.0,Urban
2111,10,Major Urban,0.0,Urban
2112,10,Major Urban,0.0,Urban
2113,10,Major Urban,0.0,Urban
2114,10,Major Urban,0.0,Urban
2115,10,Major Urban,0.0,Urban
2116,10,Major Urban,0.0,Urban
2117,10,Major Urban,0.0,Urban
2118,10,Major Urban,0.0,Urban
2119,10,Major Urban,0.0,Urban
2120,10,Major Urban,0.0,Urban
2121,10,Major Urban,0.0,Urban
2122,10,Major Urban,0.0,Urban
2125,10,Major Urban,0.0,Urban
2126,10,Major Urban,0.0,Urban
2127,10,Major Urban,0.0,Urban
2128,10,Major Urban,0.0,Urban
2130,10,Major Urban,0.0,Urban
2131,10,Major Urban,0.0,Urban
2132,10,Major Urban,0.0,Urban
2133,10,Major Urban,0.0,Urban
2134,10,Major Urban,0.0,Urban
2135,10,Major Urban,0.0,Urban
2136,10,Major Urban,0.0,Urban
2137,10,Major Urban,0.0,Urban
2138,10,Major Urban,0.0,Urban
2140,10,Major Urban,0.0,Urban
2141,10,Major Urban,0.0,Urban
2142,10,Major Urban,0.0,Urban
2143,10,Major Urban,0.0,Urban
2144,10,Major Urban,0.0,Urban
2145,10,Major Urban,0.0,Urban
2146,10,Major Urban,0.0,Urban
2147,10,Major Urban,0.0,Urban
2148,10,Major Urban,0.0,Urban
2150,10,Major Urban,0.0,Urban
2151,10,Major Urban,0.0,Urban
2152,10,Major Urban,0.0,Urban
2153,10,Major Urban,0.0,Urban
2154,10,Major Urban,0.0,Urban
2155,10,Major Urban,0.0,Urban
2156,13,Rural Balance,3.0,Rural
2157,13,Rural Balance,3.0,Rural
2158,13,Rural Balance,3.0,Rural
2159,13,Rural Balance,3.0,Rural
2160,10,Major Urban,0.0,Urban
2161,10,Major Urban,0.0,Urban
2162,10,Major Urban,0.0,Urban
2163,10,Major Urban,0.0,Urban
2164,10,Major Urban,0.0,Urban
2165,10,Major Urban,0.0,Urban
2166,10,Major Urban,0.0,Urban
2167,10,Major Urban,0.0,Urban
2168,10,Major Urban,0.0,Urban
2170,10,Major Urban,0.0,Urban
2171,10,Major Urban,0.0,Urban
2172,10,Major Urban,0.0,Urban
2173,13,Rural Balance,3.0,Rural
2174,10,Major Urban,0.0,Urban
2175,10,Major Urban,0.0,Urban
2176,10,Major Urban,0.0,Urban
2177,10,Major Urban,0.0,Urban
2178,10,Major Urban,0.0,Urban
2179,13,Rural Balance,3.0,Rural
2190,10,Major Urban,0.0,Urban
2191,10,Major Urban,0.0,Urban
2192,10,Major Urban,0.0,Urban
2193,10,Major Urban,0.0,Urban
2194,10,Major Urban,0.0,Urban
2195,10,Major Urban,0.0,Urban
2196,10,Major Urban,0.0,Urban
2197,10,Major Urban,0.0,Urban
2198,10,Major Urban,0.0,Urban
2199,10,Major Urban,0.0,Urban
2200,10,Major Urban,0.0,Urban
2203,10,Major Urban,0.0,Urban
2204,10,Major Urban,0.0,Urban
2205,10,Major Urban,0.0,Urban
2206,10,Major Urban,0.0,Urban
2207,10,Major Urban,0.0,Urban
2208,10,Major Urban,0.0,Urban
2209,10,Major Urban,0.0,Urban
2210,10,Major Urban,0.0,Urban
2211,10,Major Urban,0.0,Urban
2212,10,Major Urban,0.0,Urban
2213,10,Major Urban,0.0,Urban
2214,10,Major Urban,0.0,Urban
2216,10,Major Urban,0.0,Urban
2217,10,Major Urban,0.0,Urban
2218,10,Major Urban,0.0,Urban
2219,10,Major Urban,0.0,Urban
2220,10,Major Urban,0.0,Urban
2221,10,Major Urban,0.0,Urban
2222,10,Major Urban,0.0,Urban
2223,10,Major Urban,0.0,Urban
2224,10,Major Urban,0.0,Urban
2225,10,Major Urban,0.0,Urban
2226,10,Major Urban,0.0,Urban
2227,10,Major Urban,0.0,Urban
2228,10,Major Urban,0.0,Urban
2229,10,Major Urban,0.0,Urban
2230,10,Major Urban,0.0,Urban
2231,10,Major Urban,0.0,Urban
2232,13,Rural Balance,3.0,Rural
2233,13,Rural Balance,3.0,Rural
2234,10,Major Urban,0.0,Urban
2250,13,Rural Balance,3.0,Rural
2251,10,Major Urban,0.0,Urban
2256,13,Rural Balance,3.0,Rural
2257,11,Other Urban,1.0,Urban
2258,13,Rural Balance,3.0,Rural
2259,13,Rural Balance,3.0,Rural
2260,10,Major Urban,0.0,Urban
2261,11,Other Urban,1.0,Urban
2262,10,Major Urban,0.0,Urban
2263,11,Other Urban,1.0,Urban
2264,11,Other Urban,1.0,Urban
2265,13,Rural Balance,3.0,Rural
2267,13,Rural Balance,3.0,Rural
2278,13,Rural Balance,3.0,Rural
2280,10,Major Urban,0.0,Urban
2281,13,Rural Balance,3.0,Rural
2282,10,Major Urban,0.0,Urban
2283,10,Major Urban,0.0,Urban
2284,10,Major Urban,0.0,Urban
2285,10,Major Urban,0.0,Urban
2286,13,Rural Balance,3.0,Rural
2287,13,Rural Balance,3.0,Rural
2289,10,Major Urban,0.0,Urban
2290,10,Major Urban,0.0,Urban
2291,10,Major Urban,0.0,Urban
2292,10,Major Urban,0.0,Urban
2293,10,Major Urban,0.0,Urban
2294,10,Major Urban,0.0,Urban
2295,13,Rural Balance,3.0,Rural
2296,10,Major Urban,0.0,Urban
2297,10,Major Urban,0.0,Urban
2298,10,Major Urban,0.0,Urban
2299,10,Major Urban,0.0,Urban
2300,10,Major Urban,0.0,Urban
2302,10,Major Urban,0.0,Urban
2303,10,Major Urban,0.0,Urban
2304,10,Major Urban,0.0,Urban
2305,10,Major Urban,0.0,Urban
2306,10,Major Urban,0.0,Urban
2307,10,Major Urban,0.0,Urban
2308,10,Major Urban,0.0,Urban
2311,13,Rural Balance,3.0,Rural
2312,13,Rural Balance,3.0,Rural
2315,13,Rural Balance,3.0,Rural
2316,13,Rural Balance,3.0,Rural
2317,13,Rural Balance,3.0,Rural
2318,13,Rural Balance,3.0,Rural
2319,11,Other Urban,1.0,Urban
2320,13,Rural Balance,3.0,Rural
2321,13,Rural Balance,3.0,Rural
2322,13,Rural Balance,3.0,Rural
2323,13,Rural Balance,3.0,Rural
2324,13,Rural Balance,3.0,Rural
2325,13,Rural Balance,3.0,Rural
2326,13,Rural Balance,3.0,Rural
2327,11,Other Urban,1.0,Urban
2328,13,Rural Balance,3.0,Rural
2329,13,Rural Balance,3.0,Rural
2330,13,Rural Balance,3.0,Rural
2331,13,Rural Balance,3.0,Rural
2333,13,Rural Balance,3.0,Rural
2334,11,Other Urban,1.0,Urban
2335,13,Rural Balance,3.0,Rural
2336,13,Rural Balance,3.0,Rural
2337,13,Rural Balance,3.0,Rural
2338,13,Rural Balance,3.0,Rural
2339,13,Rural Balance,3.0,Rural
2340,13,Rural Balance,3.0,Rural
2341,13,Rural Balance,3.0,Rural
2342,13,Rural Balance,3.0,Rural
2343,13,Rural Balance,3.0,Rural
2344,13,Rural Balance,3.0,Rural
2345,13,Rural Balance,3.0,Rural
2346,13,Rural Balance,3.0,Rural
2347,13,Rural Balance,3.0,Rural
2350,13,Rural Balance,3.0,Rural
2352,13,Rural Balance,3.0,Rural
2353,13,Rural Balance,3.0,Rural
2354,13,Rural Balance,3.0,Rural
2355,13,Rural Balance,3.0,Rural
2356,13,Rural Balance,3.0,Rural
2357,13,Rural Balance,3.0,Rural
2358,13,Rural Balance,3.0,Rural
2359,13,Rural Balance,3.0,Rural
2360,13,Rural Balance,3.0,Rural
2361,13,Rural Balance,3.0,Rural
2365,13,Rural Balance,3.0,Rural
2369,13,Rural Balance,3.0,Rural
2370,13,Rural Balance,3.0,Rural
2371,13,Rural Balance,3.0,Rural
2372,13,Rural Balance,3.0,Rural
2379,13,Rural Balance,3.0,Rural
2380,13,Rural Balance,3.0,Rural
2381,13,Rural Balance,3.0,Rural
2382,13,Rural Balance,3.0,Rural
2386,13,Rural Balance,3.0,Rural
2387,13,Rural Balance,3.0,Rural
2388,13,Rural Balance,3.0,Rural
2390,13,Rural Balance,3.0,Rural
2395,13,Rural Balance,3.0,Rural
2396,13,Rural Balance,3.0,Rural
2397,13,Rural Balance,3.0,Rural
2398,13,Rural Balance,3.0,Rural
2399,13,Rural Balance,3.0,Rural
2400,13,Rural Balance,3.0,Rural
2401,13,Rural Balance,3.0,Rural
2402,13,Rural Balance,3.0,Rural
2403,13,Rural Balance,3.0,Rural
2404,13,Rural Balance,3.0,Rural
2405,13,Rural Balance,3.0,Rural
2406,13,Rural Balance,3.0,Rural
2408,13,Rural Balance,3.0,Rural
2409,13,Rural Balance,3.0,Rural
2410,13,Rural Balance,3.0,Rural
2411,13,Rural Balance,3.0,Rural
2415,13,Rural Balance,3.0,Rural
2420,13,Rural Balance,3.0,Rural
2421,13,Rural Balance,3.0,Rural
2422,13,Rural Balance,3.0,Rural
2423,13,Rural Balance,3.0,Rural
2424,13,Rural Balance,3.0,Rural
2425,13,Rural Balance,3.0,Rural
2426,13,Rural Balance,3.0,Rural
2427,13,Rural Balance,3.0,Rural
2428,13,Rural Balance,3.0,Rural
2429,13,Rural Balance,3.0,Rural
2430,11,Other Urban,1.0,Urban
2431,13,Rural Balance,3.0,Rural
2439,13,Rural Balance,3.0,Rural
2440,13,Rural Balance,3.0,Rural
2441,13,Rural Balance,3.0,Rural
2443,13,Rural Balance,3.0,Rural
2444,13,Rural Balance,3.0,Rural
2445,13,Rural Balance,3.0,Rural
2446,13,Rural Balance,3.0,Rural
2447,13,Rural Balance,3.0,Rural
2448,13,Rural Balance,3.0,Rural
2449,13,Rural Balance,3.0,Rural
2450,13,Rural Balance,3.0,Rural
2452,11,Other Urban,1.0,Urban
2453,13,Rural Balance,3.0,Rural
2454,13,Rural Balance,3.0,Rural
2455,13,Rural Balance,3.0,Rural
2456,13,Rural Balance,3.0,Rural
2460,13,Rural Balance,3.0,Rural
2462,13,Rural Balance,3.0,Rural
2463,12,Bounded Locality,2.0,Rural
2464,13,Rural Balance,3.0,Rural
2465,13,Rural Balance,3.0,Rural
2466,11,Other Urban,1.0,Urban
2469,13,Rural Balance,3.0,Rural
2470,13,Rural Balance,3.0,Rural
2471,13,Rural Balance,3.0,Rural
2472,13,Rural Balance,3.0,Rural
2473,11,Other Urban,1.0,Urban
2474,13,Rural Balance,3.0,Rural
2475,13,Rural Balance,3.0,Rural
2476,13,Rural Balance,3.0,Rural
2477,13,Rural Balance,3.0,Rural
2478,13,Rural Balance,3.0,Rural
2479,13,Rural Balance,3.0,Rural
2480,13,Rural Balance,3.0,Rural
2481,12,Bounded Locality,2.0,Rural
2482,13,Rural Balance,3.0,Rural
2483,13,Rural Balance,3.0,Rural
2484,13,Rural Balance,3.0,Rural
2485,10,Major Urban,0.0,Urban
2486,10,Major Urban,0.0,Urban
2487,13,Rural Balance,3.0,Rural
2488,13,Rural Balance,3.0,Rural
2489,11,Other Urban,1.0,Urban
2490,13,Rural Balance,3.0,Rural
2500,10,Major Urban,0.0,Urban
2502,10,Major Urban,0.0,Urban
2505,10,Major Urban,0.0,Urban
2506,10,Major Urban,0.0,Urban
2508,13,Rural Balance,3.0,Rural
2515,13,Rural Balance,3.0,Rural
2516,13,Rural Balance,3.0,Rural
2517,10,Major Urban,0.0,Urban
2518,10,Major Urban,0.0,Urban
2519,10,Major Urban,0.0,Urban
2525,10,Major Urban,0.0,Urban
2526,13,Rural Balance,3.0,Rural
2527,13,Rural Balance,3.0,Rural
2528,10,Major Urban,0.0,Urban
2529,13,Rural Balance,3.0,Rural
2530,13,Rural Balance,3.0,Rural
2533,13,Rural Balance,3.0,Rural
2534,13,Rural Balance,3.0,Rural
2535,13,Rural Balance,3.0,Rural
2536,13,Rural Balance,3.0,Rural
2537,13,Rural Balance,3.0,Rural
2538,13,Rural Balance,3.0,Rural
2539,13,Rural Balance,3.0,Rural
2540,13,Rural Balance,3.0,Rural
2541,11,Other Urban,1.0,Urban
2545,13,Rural Balance,3.0,Rural
2546,13,Rural Balance,3.0,Rural
2548,13,Rural Balance,3.0,Rural
2549,13,Rural Balance,3.0,Rural
2550,13,Rural Balance,3.0,Rural
2551,13,Rural Balance,3.0,Rural
2555,13,Rural Balance,3.0,Rural
2556,13,Rural Balance,3.0,Rural
2557,13,Rural Balance,3.0,Rural
2558,10,Major Urban,0.0,Urban
2559,10,Major Urban,0.0,Urban
2560,13,Rural Balance,3.0,Rural
2563,13,Rural Balance,3.0,Rural
2564,10,Major Urban,0.0,Urban
2565,10,Major Urban,0.0,Urban
2566,10,Major Urban,0.0,Urban
2567,10,Major Urban,0.0,Urban
2568,13,Rural Balance,3.0,Rural
2569,11,Other Urban,1.0,Urban
2570,13,Rural Balance,3.0,Rural
2571,13,Rural Balance,3.0,Rural
2572,13,Rural Balance,3.0,Rural
2573,11,Other Urban,1.0,Urban
2574,13,Rural Balance,3.0,Rural
2575,13,Rural Balance,3.0,Rural
2576,13,Rural Balance,3.0,Rural
2577,13,Rural Balance,3.0,Rural
2578,13,Rural Balance,3.0,Rural
2579,13,Rural Balance,3.0,Rural
2580,13,Rural Balance,3.0,Rural
2581,13,Rural Balance,3.0,Rural
2582,13,Rural Balance,3.0,Rural
2583,13,Rural Balance,3.0,Rural
2584,13,Rural Balance,3.0,Rural
2585,13,Rural Balance,3.0,Rural
2586,13,Rural Balance,3.0,Rural
2587,13,Rural Balance,3.0,Rural
2588,13,Rural Balance,3.0,Rural
2590,13,Rural Balance,3.0,Rural
2594,13,Rural Balance,3.0,Rural
2600,80,Major Urban,0.0,Urban
2601,83,Rural Balance,3.0,Rural
2602,80,Major Urban,0.0,Urban
2603,80,Major Urban,0.0,Urban
2604,80,Major Urban,0.0,Urban
2605,80,Major Urban,0.0,Urban
2606,80,Major Urban,0.0,Urban
2607,80,Major Urban,0.0,Urban
2609,80,Major Urban,0.0,Urban
2611,13,Rural Balance,3.0,Rural
2612,80,Major Urban,0.0,Urban
2614,80,Major Urban,0.0,Urban
2615,80,Major Urban,0.0,Urban
2617,80,Major Urban,0.0,Urban
2618,13,Rural Balance,3.0,Rural
2619,10,Major Urban,0.0,Urban
2620,83,Rural Balance,3.0,Rural
2621,13,Rural Balance,3.0,Rural
2622,13,Rural Balance,3.0,Rural
2623,13,Rural Balance,3.0,Rural
2624,13,Rural Balance,3.0,Rural
2625,12,Bounded Locality,2.0,Rural
2626,13,Rural Balance,3.0,Rural
2627,13,Rural Balance,3.0,Rural
2628,13,Rural Balance,3.0,Rural
2629,13,Rural Balance,3.0,Rural
2630,11,Other Urban,1.0,Urban
2631,13,Rural Balance,3.0,Rural
2632,13,Rural Balance,3.0,Rural
2633,13,Rural Balance,3.0,Rural
2640,13,Rural Balance,3.0,Rural
2641,11,Other Urban,1.0,Urban
2642,13,Rural Balance,3.0,Rural
2643,13,Rural Balance,3.0,Rural
2644,13,Rural Balance,3.0,Rural
2645,13,Rural Balance,3.0,Rural
2646,13,Rural Balance,3.0,Rural
2647,13,Rural Balance,3.0,Rural
2648,13,Rural Balance,3.0,Rural
2649,13,Rural Balance,3.0,Rural
2650,13,Rural Balance,3.0,Rural
2651,13,Rural Balance,3.0,Rural
2652,13,Rural Balance,3.0,Rural
2653,13,Rural Balance,3.0,Rural
2655,13,Rural Balance,3.0,Rural
2656,13,Rural Balance,3.0,Rural
2658,13,Rural Balance,3.0,Rural
2659,13,Rural Balance,3.0,Rural
2660,13,Rural Balance,3.0,Rural
2661,13,Rural Balance,3.0,Rural
2663,13,Rural Balance,3.0,Rural
2665,13,Rural Balance,3.0,Rural
2666,13,Rural Balance,3.0,Rural
2668,13,Rural Balance,3.0,Rural
2669,13,Rural Balance,3.0,Rural
2671,13,Rural Balance,3.0,Rural
2672,13,Rural Balance,3.0,Rural
2675,13,Rural Balance,3.0,Rural
2678,11,Other Urban,1.0,Urban
2680,13,Rural Balance,3.0,Rural
2681,13,Rural Balance,3.0,Rural
2700,13,Rural Balance,3.0,Rural
2701,13,Rural Balance,3.0,Rural
2702,13,Rural Balance,3.0,Rural
2703,13,Rural Balance,3.0,Rural
2705,13,Rural Balance,3.0,Rural
2706,13,Rural Balance,3.0,Rural
2707,13,Rural Balance,3.0,Rural
2710,13,Rural Balance,3.0,Rural
2711,13,Rural Balance,3.0,Rural
2712,13,Rural Balance,3.0,Rural
2713,13,Rural Balance,3.0,Rural
2714,13,Rural Balance,3.0,Rural
2715,13,Rural Balance,3.0,Rural
2716,13,Rural Balance,3.0,Rural
2717,13,Rural Balance,3.0,Rural
2720,13,Rural Balance,3.0,Rural
2721,13,Rural Balance,3.0,Rural
2722,13,Rural Balance,3.0,Rural
2725,13,Rural Balance,3.0,Rural
2726,13,Rural Balance,3.0,Rural
2727,13,Rural Balance,3.0,Rural
2729,13,Rural Balance,3.0,Rural
2730,13,Rural Balance,3.0,Rural
2731,13,Rural Balance,3.0,Rural
2732,13,Rural Balance,3.0,Rural
2733,13,Rural Balance,3.0,Rural
2734,13,Rural Balance,3.0,Rural
2735,13,Rural Balance,3.0,Rural
2736,13,Rural Balance,3.0,Rural
2737,13,Rural Balance,3.0,Rural
2738,13,Rural Balance,3.0,Rural
2739,21,Other Urban,1.0,Urban
2745,13,Rural Balance,3.0,Rural
2747,10,Major Urban,0.0,Urban
2748,13,Rural Balance,3.0,Rural
2749,13,Rural Balance,3.0,Rural
2750,10,Major Urban,0.0,Urban
2752,13,Rural Balance,3.0,Rural
2753,13,Rural Balance,3.0,Rural
2754,13,Rural Balance,3.0,Rural
2756,13,Rural Balance,3.0,Rural
2757,13,Rural Balance,3.0,Rural
2758,13,Rural Balance,3.0,Rural
2759,10,Major Urban,0.0,Urban
2760,10,Major Urban,0.0,Urban
2761,10,Major Urban,0.0,Urban
2762,10,Major Urban,0.0,Urban
2763,10,Major Urban,0.0,Urban
2765,10,Major Urban,0.0,Urban
2766,10,Major Urban,0.0,Urban
2767,10,Major Urban,0.0,Urban
2768,10,Major Urban,0.0,Urban
2769,10,Major Urban,0.0,Urban
2770,10,Major Urban,0.0,Urban
2773,10,Major Urban,0.0,Urban
2774,10,Major Urban,0.0,Urban
2775,13,Rural Balance,3.0,Rural
2776,10,Major Urban,0.0,Urban
2777,10,Major Urban,0.0,Urban
2778,13,Rural Balance,3.0,Rural
2779,11,Other Urban,1.0,Urban
2780,11,Other Urban,1.0,Urban
2782,11,Other Urban,1.0,Urban
2783,11,Other Urban,1.0,Urban
2784,11,Other Urban,1.0,Urban
2785,13,Rural Balance,3.0,Rural
2786,13,Rural Balance,3.0,Rural
2787,13,Rural Balance,3.0,Rural
2790,13,Rural Balance,3.0,Rural
2791,13,Rural Balance,3.0,Rural
2792,13,Rural Balance,3.0,Rural
2793,13,Rural Balance,3.0,Rural
2794,13,Rural Balance,3.0,Rural
2795,13,Rural Balance,3.0,Rural
2797,13,Rural Balance,3.0,Rural
2798,13,Rural Balance,3.0,Rural
2799,13,Rural Balance,3.0,Rural
2800,13,Rural Balance,3.0,Rural
2803,13,Rural Balance,3.0,Rural
2804,13,Rural Balance,3.0,Rural
2805,13,Rural Balance,3.0,Rural
2806,13,Rural Balance,3.0,Rural
2807,13,Rural Balance,3.0,Rural
2808,13,Rural Balance,3.0,Rural
2809,13,Rural Balance,3.0,Rural
2810,13,Rural Balance,3.0,Rural
2817,13,Rural Balance,3.0,Rural
2818,13,Rural Balance,3.0,Rural
2820,13,Rural Balance,3.0,Rural
2821,13,Rural Balance,3.0,Rural
2822,13,Rural Balance,3.0,Rural
2823,13,Rural Balance,3.0,Rural
2824,13,Rural Balance,3.0,Rural
2825,13,Rural Balance,3.0,Rural
2826,13,Rural Balance,3.0,Rural
2827,13,Rural Balance,3.0,Rural
2828,13,Rural Balance,3.0,Rural
2829,13,Rural Balance,3.0,Rural
2830,11,Other Urban,1.0,Urban
2831,13,Rural Balance,3.0,Rural
2832,13,Rural Balance,3.0,Rural
2833,13,Rural Balance,3.0,Rural
2834,13,Rural Balance,3.0,Rural
2835,13,Rural Balance,3.0,Rural
2836,13,Rural Balance,3.0,Rural
2838,13,Rural Balance,3.0,Rural
2839,13,Rural Balance,3.0,Rural
2840,13,Rural Balance,3.0,Rural
2842,13,Rural Balance,3.0,Rural
2843,13,Rural Balance,3.0,Rural
2844,13,Rural Balance,3.0,Rural
2845,13,Rural Balance,3.0,Rural
2846,13,Rural Balance,3.0,Rural
2847,11,Other Urban,1.0,Urban
2848,13,Rural Balance,3.0,Rural
2849,13,Rural Balance,3.0,Rural
2850,13,Rural Balance,3.0,Rural
2852,13,Rural Balance,3.0,Rural
2864,13,Rural Balance,3.0,Rural
2865,13,Rural Balance,3.0,Rural
2866,13,Rural Balance,3.0,Rural
2867,13,Rural Balance,3.0,Rural
2868,13,Rural Balance,3.0,Rural
2869,13,Rural Balance,3.0,Rural
2870,13,Rural Balance,3.0,Rural
2871,13,Rural Balance,3.0,Rural
2873,13,Rural Balance,3.0,Rural
2874,13,Rural Balance,3.0,Rural
2875,13,Rural Balance,3.0,Rural
2876,13,Rural Balance,3.0,Rural
2877,13,Rural Balance,3.0,Rural
2878,13,Rural Balance,3.0,Rural
2879,13,Rural Balance,3.0,Rural
2880,13,Rural Balance,3.0,Rural
2898,13,Rural Balance,3.0,Rural
2899,92,Bounded Locality,2.0,Rural
2900,80,Major Urban,0.0,Urban
2902,80,Major Urban,0.0,Urban
2903,80,Major Urban,0.0,Urban
2904,80,Major Urban,0.0,Urban
2905,80,Major Urban,0.0,Urban
2906,80,Major Urban,0.0,Urban
2911,80,Major Urban,0.0,Urban
2912,80,Major Urban,0.0,Urban
2913,80,Major Urban,0.0,Urban
2914,80,Major Urban,0.0,Urban
3000,20,Major Urban,0.0,Urban
3002,20,Major Urban,0.0,Urban
3003,20,Major Urban,0.0,Urban
3004,20,Major Urban,0.0,Urban
3006,20,Major Urban,0.0,Urban
3008,20,Major Urban,0.0,Urban
3011,20,Major Urban,0.0,Urban
3012,20,Major Urban,0.0,Urban
3013,20,Major Urban,0.0,Urban
3015,20,Major Urban,0.0,Urban
3016,20,Major Urban,0.0,Urban
3018,20,Major Urban,0.0,Urban
3019,20,Major Urban,0.0,Urban
3020,20,Major Urban,0.0,Urban
3021,20,Major Urban,0.0,Urban
3022,20,Major Urban,0.0,Urban
3023,20,Major Urban,0.0,Urban
3024,20,Major Urban,0.0,Urban
3025,20,Major Urban,0.0,Urban
3026,20,Major Urban,0.0,Urban
3027,20,Major Urban,0.0,Urban
3028,20,Major Urban,0.0,Urban
3029,20,Major Urban,0.0,Urban
3030,20,Major Urban,0.0,Urban
3031,20,Major Urban,0.0,Urban
3032,20,Major Urban,0.0,Urban
3033,20,Major Urban,0.0,Urban
3034,20,Major Urban,0.0,Urban
3036,20,Major Urban,0.0,Urban
3037,20,Major Urban,0.0,Urban
3038,20,Major Urban,0.0,Urban
3039,20,Major Urban,0.0,Urban
3040,20,Major Urban,0.0,Urban
3041,20,Major Urban,0.0,Urban
3042,20,Major Urban,0.0,Urban
3043,20,Major Urban,0.0,Urban
3044,20,Major Urban,0.0,Urban
3045,20,Major Urban,0.0,Urban
3046,20,Major Urban,0.0,Urban
3047,20,Major Urban,0.0,Urban
3048,20,Major Urban,0.0,Urban
3049,20,Major Urban,0.0,Urban
3051,20,Major Urban,0.0,Urban
3052,20,Major Urban,0.0,Urban
3053,20,Major Urban,0.0,Urban
3054,20,Major Urban,0.0,Urban
3055,20,Major Urban,0.0,Urban
3056,20,Major Urban,0.0,Urban
3057,20,Major Urban,0.0,Urban
3058,20,Major Urban,0.0,Urban
3059,20,Major Urban,0.0,Urban
3060,20,Major Urban,0.0,Urban
3061,20,Major Urban,0.0,Urban
3062,20,Major Urban,0.0,Urban
3063,23,Rural Balance,3.0,Rural
3064,20,Major Urban,0.0,Urban
3065,20,Major Urban,0.0,Urban
3066,20,Major Urban,0.0,Urban
3067,20,Major Urban,0.0,Urban
3068,20,Major Urban,0.0,Urban
3070,20,Major Urban,0.0,Urban
3071,20,Major Urban,0.0,Urban
3072,20,Major Urban,0.0,Urban
3073,20,Major Urban,0.0,Urban
3074,20,Major Urban,0.0,Urban
3075,20,Major Urban,0.0,Urban
3076,20,Major Urban,0.0,Urban
3078,20,Major Urban,0.0,Urban
3079,20,Major Urban,0.0,Urban
3081,20,Major Urban,0.0,Urban
3082,20,Major Urban,0.0,Urban
3083,20,Major Urban,0.0,Urban
3084,20,Major Urban,0.0,Urban
3085,20,Major Urban,0.0,Urban
3087,20,Major Urban,0.0,Urban
3088,20,Major Urban,0.0,Urban
3089,20,Major Urban,0.0,Urban
3090,20,Major Urban,0.0,Urban
3091,20,Major Urban,0.0,Urban
3093,20,Major Urban,0.0,Urban
3094,20,Major Urban,0.0,Urban
3095,20,Major Urban,0.0,Urban
3096,20,Major Urban,0.0,Urban
3097,23,Rural Balance,3.0,Rural
3099,23,Rural Balance,3.0,Rural
3101,20,Major Urban,0.0,Urban
3102,20,Major Urban,0.0,Urban
3103,20,Major Urban,0.0,Urban
3104,20,Major Urban,0.0,Urban
3105,20,Major Urban,0.0,Urban
3106,20,Major Urban,0.0,Urban
3107,20,Major Urban,0.0,Urban
3108,20,Major Urban,0.0,Urban
3109,20,Major Urban,0.0,Urban
3111,20,Major Urban,0.0,Urban
3113,20,Major Urban,0.0,Urban
3114,20,Major Urban,0.0,Urban
3115,21,Other Urban,1.0,Urban
3116,23,Rural Balance,3.0,Rural
3121,20,Major Urban,0.0,Urban
3122,20,Major Urban,0.0,Urban
3123,20,Major Urban,0.0,Urban
3124,20,Major Urban,0.0,Urban
3125,20,Major Urban,0.0,Urban
3126,20,Major Urban,0.0,Urban
3127,20,Major Urban,0.0,Urban
3128,20,Major Urban,0.0,Urban
3129,20,Major Urban,0.0,Urban
3130,20,Major Urban,0.0,Urban
3131,20,Major Urban,0.0,Urban
3132,20,Major Urban,0.0,Urban
3133,20,Major Urban,0.0,Urban
3134,20,Major Urban,0.0,Urban
3135,20,Major Urban,0.0,Urban
3136,20,Major Urban,0.0,Urban
3137,20,Major Urban,0.0,Urban
3138,20,Major Urban,0.0,Urban
3139,23,Rural Balance,3.0,Rural
3140,20,Major Urban,0.0,Urban
3141,20,Major Urban,0.0,Urban
3142,20,Major Urban,0.0,Urban
3143,20,Major Urban,0.0,Urban
3144,20,Major Urban,0.0,Urban
3145,20,Major Urban,0.0,Urban
3146,20,Major Urban,0.0,Urban
3147,20,Major Urban,0.0,Urban
3148,20,Major Urban,0.0,Urban
3149,20,Major Urban,0.0,Urban
3150,20,Major Urban,0.0,Urban
3151,20,Major Urban,0.0,Urban
3152,20,Major Urban,0.0,Urban
3153,20,Major Urban,0.0,Urban
3154,20,Major Urban,0.0,Urban
3155,20,Major Urban,0.0,Urban
3156,23,Rural Balance,3.0,Rural
3158,20,Major Urban,0.0,Urban
3159,20,Major Urban,0.0,Urban
3160,20,Major Urban,0.0,Urban
3161,20,Major Urban,0.0,Urban
3162,20,Major Urban,0.0,Urban
3163,20,Major Urban,0.0,Urban
3165,20,Major Urban,0.0,Urban
3166,20,Major Urban,0.0,Urban
3167,20,Major Urban,0.0,Urban
3168,20,Major Urban,0.0,Urban
3169,20,Major Urban,0.0,Urban
3170,20,Major Urban,0.0,Urban
3171,20,Major Urban,0.0,Urban
3172,20,Major Urban,0.0,Urban
3173,20,Major Urban,0.0,Urban
3174,20,Major Urban,0.0,Urban
3175,20,Major Urban,0.0,Urban
3177,20,Major Urban,0.0,Urban
3178,20,Major Urban,0.0,Urban
3179,20,Major Urban,0.0,Urban
3180,20,Major Urban,0.0,Urban
3181,20,Major Urban,0.0,Urban
3182,20,Major Urban,0.0,Urban
3183,20,Major Urban,0.0,Urban
3184,20,Major Urban,0.0,Urban
3185,20,Major Urban,0.0,Urban
3186,20,Major Urban,0.0,Urban
3187,20,Major Urban,0.0,Urban
3188,20,Major Urban,0.0,Urban
3189,20,Major Urban,0.0,Urban
3190,20,Major Urban,0.0,Urban
3191,20,Major Urban,0.0,Urban
3192,20,Major Urban,0.0,Urban
3193,20,Major Urban,0.0,Urban
3194,20,Major Urban,0.0,Urban
3195,20,Major Urban,0.0,Urban
3196,20,Major Urban,0.0,Urban
3197,20,Major Urban,0.0,Urban
3198,20,Major Urban,0.0,Urban
3199,20,Major Urban,0.0,Urban
3200,20,Major Urban,0.0,Urban
3201,20,Major Urban,0.0,Urban
3202,20,Major Urban,0.0,Urban
3204,20,Major Urban,0.0,Urban
3205,20,Major Urban,0.0,Urban
3206,20,Major Urban,0.0,Urban
3207,20,Major Urban,0.0,Urban
3211,23,Rural Balance,3.0,Rural
3212,23,Rural Balance,3.0,Rural
3213,23,Rural Balance,3.0,Rural
3214,20,Major Urban,0.0,Urban
3215,20,Major Urban,0.0,Urban
3216,20,Major Urban,0.0,Urban
3217,23,Rural Balance,3.0,Rural
3218,23,Rural Balance,3.0,Rural
3219,20,Major Urban,0.0,Urban
3220,20,Major Urban,0.0,Urban
3221,23,Rural Balance,3.0,Rural
3222,21,Other Urban,1.0,Urban
3223,23,Rural Balance,3.0,Rural
3224,23,Rural Balance,3.0,Rural
3225,23,Rural Balance,3.0,Rural
3226,21,Other Urban,1.0,Urban
3227,23,Rural Balance,3.0,Rural
3228,23,Rural Balance,3.0,Rural
3230,23,Rural Balance,3.0,Rural
3231,23,Rural Balance,3.0,Rural
3232,23,Rural Balance,3.0,Rural
3233,23,Rural Balance,3.0,Rural
3234,23,Rural Balance,3.0,Rural
3235,23,Rural Balance,3.0,Rural
3236,23,Rural Balance,3.0,Rural
3237,23,Rural Balance,3.0,Rural
3238,23,Rural Balance,3.0,Rural
3239,23,Rural Balance,3.0,Rural
3240,23,Rural Balance,3.0,Rural
3241,23,Rural Balance,3.0,Rural
3242,23,Rural Balance,3.0,Rural
3243,23,Rural Balance,3.0,Rural
3249,23,Rural Balance,3.0,Rural
3250,21,Other Urban,1.0,Urban
3251,23,Rural Balance,3.0,Rural
3254,23,Rural Balance,3.0,Rural
3260,23,Rural Balance,3.0,Rural
3264,23,Rural Balance,3.0,Rural
3265,23,Rural Balance,3.0,Rural
3266,23,Rural Balance,3.0,Rural
3267,23,Rural Balance,3.0,Rural
3268,23,Rural Balance,3.0,Rural
3269,23,Rural Balance,3.0,Rural
3270,23,Rural Balance,3.0,Rural
3271,23,Rural Balance,3.0,Rural
3272,23,Rural Balance,3.0,Rural
3273,23,Rural Balance,3.0,Rural
3274,23,Rural Balance,3.0,Rural
3275,23,Rural Balance,3.0,Rural
3276,23,Rural Balance,3.0,Rural
3277,23,Rural Balance,3.0,Rural
3278,23,Rural Balance,3.0,Rural
3279,23,Rural Balance,3.0,Rural
3280,21,Other Urban,1.0,Urban
3281,23,Rural Balance,3.0,Rural
3282,23,Rural Balance,3.0,Rural
3283,23,Rural Balance,3.0,Rural
3284,23,Rural Balance,3.0,Rural
3285,23,Rural Balance,3.0,Rural
3286,23,Rural Balance,3.0,Rural
3287,23,Rural Balance,3.0,Rural
3289,23,Rural Balance,3.0,Rural
3292,23,Rural Balance,3.0,Rural
3293,23,Rural Balance,3.0,Rural
3294,23,Rural Balance,3.0,Rural
3300,23,Rural Balance,3.0,Rural
3301,23,Rural Balance,3.0,Rural
3302,23,Rural Balance,3.0,Rural
3303,23,Rural Balance,3.0,Rural
3304,23,Rural Balance,3.0,Rural
3305,23,Rural Balance,3.0,Rural
3309,23,Rural Balance,3.0,Rural
3310,23,Rural Balance,3.0,Rural
3311,23,Rural Balance,3.0,Rural
3312,23,Rural Balance,3.0,Rural
3314,23,Rural Balance,3.0,Rural
3315,23,Rural Balance,3.0,Rural
3317,23,Rural Balance,3.0,Rural
3318,22,Bounded Locality,2.0,Rural
3319,23,Rural Balance,3.0,Rural
3321,23,Rural Balance,3.0,Rural
3322,23,Rural Balance,3.0,Rural
3323,23,Rural Balance,3.0,Rural
3324,23,Rural Balance,3.0,Rural
3325,23,Rural Balance,3.0,Rural
3328,21,Other Urban,1.0,Urban
3329,23,Rural Balance,3.0,Rural
3330,23,Rural Balance,3.0,Rural
3331,23,Rural Balance,3.0,Rural
3332,23,Rural Balance,3.0,Rural
3333,23,Rural Balance,3.0,Rural
3334,23,Rural Balance,3.0,Rural
3335,23,Rural Balance,3.0,Rural
3336,20,Major Urban,0.0,Urban
3337,23,Rural Balance,3.0,Rural
3338,23,Rural Balance,3.0,Rural
3340,23,Rural Balance,3.0,Rural
3341,23,Rural Balance,3.0,Rural
3342,23,Rural Balance,3.0,Rural
3345,23,Rural Balance,3.0,Rural
3350,20,Major Urban,0.0,Urban
3351,23,Rural Balance,3.0,Rural
3352,23,Rural Balance,3.0,Rural
3355,20,Major Urban,0.0,Urban
3356,20,Major Urban,0.0,Urban
3357,23,Rural Balance,3.0,Rural
3358,20,Major Urban,0.0,Urban
3360,23,Rural Balance,3.0,Rural
3361,23,Rural Balance,3.0,Rural
3363,23,Rural Balance,3.0,Rural
3364,23,Rural Balance,3.0,Rural
3370,23,Rural Balance,3.0,Rural
3371,23,Rural Balance,3.0,Rural
3373,23,Rural Balance,3.0,Rural
3374,23,Rural Balance,3.0,Rural
3375,23,Rural Balance,3.0,Rural
3377,21,Other Urban,1.0,Urban
3378,23,Rural Balance,3.0,Rural
3379,23,Rural Balance,3.0,Rural
3380,21,Other Urban,1.0,Urban
3381,23,Rural Balance,3.0,Rural
3384,23,Rural Balance,3.0,Rural
3385,23,Rural Balance,3.0,Rural
3387,23,Rural Balance,3.0,Rural
3388,23,Rural Balance,3.0,Rural
3390,23,Rural Balance,3.0,Rural
3391,23,Rural Balance,3.0,Rural
3392,23,Rural Balance,3.0,Rural
3393,23,Rural Balance,3.0,Rural
3395,23,Rural Balance,3.0,Rural
3396,23,Rural Balance,3.0,Rural
3400,21,Other Urban,1.0,Urban
3401,23,Rural Balance,3.0,Rural
3407,23,Rural Balance,3.0,Rural
3409,23,Rural Balance,3.0,Rural
3412,23,Rural Balance,3.0,Rural
3413,23,Rural Balance,3.0,Rural
3414,23,Rural Balance,3.0,Rural
3415,23,Rural Balance,3.0,Rural
3418,23,Rural Balance,3.0,Rural
3419,23,Rural Balance,3.0,Rural
3420,23,Rural Balance,3.0,Rural
3423,23,Rural Balance,3.0,Rural
3424,23,Rural Balance,3.0,Rural
3427,21,Other Urban,1.0,Urban
3428,23,Rural Balance,3.0,Rural
3429,23,Rural Balance,3.0,Rural
3430,23,Rural Balance,3.0,Rural
3431,21,Other Urban,1.0,Urban
3432,23,Rural Balance,3.0,Rural
3433,23,Rural Balance,3.0,Rural
3434,21,Other Urban,1.0,Urban
3435,23,Rural Balance,3.0,Rural
3437,23,Rural Balance,3.0,Rural
3438,23,Rural Balance,3.0,Rural
3440,21,Other Urban,1.0,Urban
3441,21,Other Urban,1.0,Urban
3442,23,Rural Balance,3.0,Rural
3444,23,Rural Balance,3.0,Rural
3446,23,Rural Balance,3.0,Rural
3447,23,Rural Balance,3.0,Rural
3448,23,Rural Balance,3.0,Rural
3450,21,Other Urban,1.0,Urban
3451,23,Rural Balance,3.0,Rural
3453,23,Rural Balance,3.0,Rural
3458,23,Rural Balance,3.0,Rural
3460,21,Other Urban,1.0,Urban
3461,23,Rural Balance,3.0,Rural
3462,22,Bounded Locality,2.0,Rural
3463,23,Rural Balance,3.0,Rural
3464,23,Rural Balance,3.0,Rural
3465,23,Rural Balance,3.0,Rural
3467,23,Rural Balance,3.0,Rural
3468,23,Rural Balance,3.0,Rural
3469,23,Rural Balance,3.0,Rural
3472,23,Rural Balance,3.0,Rural
3475,23,Rural Balance,3.0,Rural
3477,23,Rural Balance,3.0,Rural
3478,23,Rural Balance,3.0,Rural
3480,23,Rural Balance,3.0,Rural
3482,23,Rural Balance,3.0,Rural
3483,23,Rural Balance,3.0,Rural
3485,23,Rural Balance,3.0,Rural
3487,23,Rural Balance,3.0,Rural
3488,23,Rural Balance,3.0,Rural
3489,23,Rural Balance,3.0,Rural
3490,23,Rural Balance,3.0,Rural
3491,23,Rural Balance,3.0,Rural
3494,23,Rural Balance,3.0,Rural
3496,23,Rural Balance,3.0,Rural
3498,23,Rural Balance,3.0,Rural
3500,21,Other Urban,1.0,Urban
3501,23,Rural Balance,3.0,Rural
3505,23,Rural Balance,3.0,Rural
3506,23,Rural Balance,3.0,Rural
3507,23,Rural Balance,3.0,Rural
3509,23,Rural Balance,3.0,Rural
3512,23,Rural Balance,3.0,Rural
3515,23,Rural Balance,3.0,Rural
3516,23,Rural Balance,3.0,Rural
3517,23,Rural Balance,3.0,Rural
3518,23,Rural Balance,3.0,Rural
3520,23,Rural Balance,3.0,Rural
3521,22,Bounded Locality,2.0,Rural
3522,23,Rural Balance,3.0,Rural
3523,23,Rural Balance,3.0,Rural
3525,23,Rural Balance,3.0,Rural
3527,23,Rural Balance,3.0,Rural
3529,23,Rural Balance,3.0,Rural
3530,23,Rural Balance,3.0,Rural
3531,23,Rural Balance,3.0,Rural
3533,23,Rural Balance,3.0,Rural
3537,23,Rural Balance,3.0,Rural
3540,23,Rural Balance,3.0,Rural
3542,23,Rural Balance,3.0,Rural
3544,23,Rural Balance,3.0,Rural
3546,23,Rural Balance,3.0,Rural
3549,23,Rural Balance,3.0,Rural
3550,20,Major Urban,0.0,Urban
3551,20,Major Urban,0.0,Urban
3555,20,Major Urban,0.0,Urban
3556,23,Rural Balance,3.0,Rural
3557,23,Rural Balance,3.0,Rural
3558,22,Bounded Locality,2.0,Rural
3559,23,Rural Balance,3.0,Rural
3561,23,Rural Balance,3.0,Rural
3562,23,Rural Balance,3.0,Rural
3563,23,Rural Balance,3.0,Rural
3564,23,Rural Balance,3.0,Rural
3565,23,Rural Balance,3.0,Rural
3566,23,Rural Balance,3.0,Rural
3567,23,Rural Balance,3.0,Rural
3568,23,Rural Balance,3.0,Rural
3570,23,Rural Balance,3.0,Rural
3571,23,Rural Balance,3.0,Rural
3572,23,Rural Balance,3.0,Rural
3573,23,Rural Balance,3.0,Rural
3575,23,Rural Balance,3.0,Rural
3576,23,Rural Balance,3.0,Rural
3579,23,Rural Balance,3.0,Rural
3580,23,Rural Balance,3.0,Rural
3581,23,Rural Balance,3.0,Rural
3583,23,Rural Balance,3.0,Rural
3584,23,Rural Balance,3.0,Rural
3585,23,Rural Balance,3.0,Rural
3586,21,Other Urban,1.0,Urban
3588,23,Rural Balance,3.0,Rural
3589,23,Rural Balance,3.0,Rural
3590,23,Rural Balance,3.0,Rural
3591,23,Rural Balance,3.0,Rural
3594,23,Rural Balance,3.0,Rural
3595,22,Bounded Locality,2.0,Rural
3596,23,Rural Balance,3.0,Rural
3597,23,Rural Balance,3.0,Rural
3599,23,Rural Balance,3.0,Rural
3607,23,Rural Balance,3.0,Rural
3608,23,Rural Balance,3.0,Rural
3610,23,Rural Balance,3.0,Rural
3612,23,Rural Balance,3.0,Rural
3614,23,Rural Balance,3.0,Rural
3616,23,Rural Balance,3.0,Rural
3617,23,Rural Balance,3.0,Rural
3618,23,Rural Balance,3.0,Rural
3620,23,Rural Balance,3.0,Rural
3621,23,Rural Balance,3.0,Rural
3622,23,Rural Balance,3.0,Rural
3623,23,Rural Balance,3.0,Rural
3624,23,Rural Balance,3.0,Rural
3629,23,Rural Balance,3.0,Rural
3630,23,Rural Balance,3.0,Rural
3631,23,Rural Balance,3.0,Rural
3633,23,Rural Balance,3.0,Rural
3634,23,Rural Balance,3.0,Rural
3635,23,Rural Balance,3.0,Rural
3636,23,Rural Balance,3.0,Rural
3637,23,Rural Balance,3.0,Rural
3638,23,Rural Balance,3.0,Rural
3639,23,Rural Balance,3.0,Rural
3640,23,Rural Balance,3.0,Rural
3641,23,Rural Balance,3.0,Rural
3644,13,Rural Balance,3.0,Rural
3646,23,Rural Balance,3.0,Rural
3647,23,Rural Balance,3.0,Rural
3649,23,Rural Balance,3.0,Rural
3658,23,Rural Balance,3.0,Rural
3659,23,Rural Balance,3.0,Rural
3660,23,Rural Balance,3.0,Rural
3662,23,Rural Balance,3.0,Rural
3663,23,Rural Balance,3.0,Rural
3664,23,Rural Balance,3.0,Rural
3665,23,Rural Balance,3.0,Rural
3666,23,Rural Balance,3.0,Rural
3669,23,Rural Balance,3.0,Rural
3670,23,Rural Balance,3.0,Rural
3672,23,Rural Balance,3.0,Rural
3673,23,Rural Balance,3.0,Rural
3675,23,Rural Balance,3.0,Rural
3677,21,Other Urban,1.0,Urban
3678,23,Rural Balance,3.0,Rural
3682,23,Rural Balance,3.0,Rural
3683,23,Rural Balance,3.0,Rural
3685,23,Rural Balance,3.0,Rural
3687,23,Rural Balance,3.0,Rural
3688,23,Rural Balance,3.0,Rural
3690,21,Other Urban,1.0,Urban
3691,23,Rural Balance,3.0,Rural
3695,23,Rural Balance,3.0,Rural
3697,23,Rural Balance,3.0,Rural
3698,23,Rural Balance,3.0,Rural
3699,23,Rural Balance,3.0,Rural
3700,23,Rural Balance,3.0,Rural
3701,23,Rural Balance,3.0,Rural
3704,23,Rural Balance,3.0,Rural
3705,23,Rural Balance,3.0,Rural
3707,23,Rural Balance,3.0,Rural
3708,23,Rural Balance,3.0,Rural
3709,23,Rural Balance,3.0,Rural
3711,23,Rural Balance,3.0,Rural
3712,23,Rural Balance,3.0,Rural
3713,23,Rural Balance,3.0,Rural
3714,23,Rural Balance,3.0,Rural
3715,23,Rural Balance,3.0,Rural
3717,23,Rural Balance,3.0,Rural
3718,23,Rural Balance,3.0,Rural
3719,23,Rural Balance,3.0,Rural
3720,23,Rural Balance,3.0,Rural
3722,23,Rural Balance,3.0,Rural
3723,23,Rural Balance,3.0,Rural
3725,23,Rural Balance,3.0,Rural
3726,23,Rural Balance,3.0,Rural
3727,23,Rural Balance,3.0,Rural
3728,23,Rural Balance,3.0,Rural
3730,23,Rural Balance,3.0,Rural
3732,23,Rural Balance,3.0,Rural
3733,23,Rural Balance,3.0,Rural
3735,23,Rural Balance,3.0,Rural
3737,23,Rural Balance,3.0,Rural
3738,23,Rural Balance,3.0,Rural
3739,23,Rural Balance,3.0,Rural
3740,23,Rural Balance,3.0,Rural
3741,23,Rural Balance,3.0,Rural
3744,23,Rural Balance,3.0,Rural
3746,23,Rural Balance,3.0,Rural
3747,23,Rural Balance,3.0,Rural
3749,23,Rural Balance,3.0,Rural
3750,23,Rural Balance,3.0,Rural
3751,23,Rural Balance,3.0,Rural
3752,20,Major Urban,0.0,Urban
3753,21,Other Urban,1.0,Urban
3754,20,Major Urban,0.0,Urban
3755,23,Rural Balance,3.0,Rural
3756,23,Rural Balance,3.0,Rural
3757,23,Rural Balance,3.0,Rural
3758,21,Other Urban,1.0,Urban
3759,23,Rural Balance,3.0,Rural
3760,23,Rural Balance,3.0,Rural
3761,23,Rural Balance,3.0,Rural
3762,23,Rural Balance,3.0,Rural
3763,23,Rural Balance,3.0,Rural
3764,23,Rural Balance,3.0,Rural
3765,20,Major Urban,0.0,Urban
3766,20,Major Urban,0.0,Urban
3767,20,Major Urban,0.0,Urban
3770,23,Rural Balance,3.0,Rural
3775,23,Rural Balance,3.0,Rural
3777,23,Rural Balance,3.0,Rural
3778,23,Rural Balance,3.0,Rural
3779,23,Rural Balance,3.0,Rural
3781,23,Rural Balance,3.0,Rural
3782,20,Major Urban,0.0,Urban
3783,23,Rural Balance,3.0,Rural
3785,20,Major Urban,0.0,Urban
3786,20,Major Urban,0.0,Urban
3787,20,Major Urban,0.0,Urban
3788,23,Rural Balance,3.0,Rural
3789,20,Major Urban,0.0,Urban
3791,20,Major Urban,0.0,Urban
3792,20,Major Urban,0.0,Urban
3793,23,Rural Balance,3.0,Rural
3795,23,Rural Balance,3.0,Rural
3796,20,Major Urban,0.0,Urban
3797,23,Rural Balance,3.0,Rural
3799,23,Rural Balance,3.0,Rural
3802,20,Major Urban,0.0,Urban
3803,20,Major Urban,0.0,Urban
3804,23,Rural Balance,3.0,Rural
3805,20,Major Urban,0.0,Urban
3806,20,Major Urban,0.0,Urban
3807,23,Rural Balance,3.0,Rural
3808,23,Rural Balance,3.0,Rural
3809,20,Major Urban,0.0,Urban
3810,20,Major Urban,0.0,Urban
3812,23,Rural Balance,3.0,Rural
3813,23,Rural Balance,3.0,Rural
3814,23,Rural Balance,3.0,Rural
3815,23,Rural Balance,3.0,Rural
3816,23,Rural Balance,3.0,Rural
3818,23,Rural Balance,3.0,Rural
3820,21,Other Urban,1.0,Urban
3821,23,Rural Balance,3.0,Rural
3822,23,Rural Balance,3.0,Rural
3823,23,Rural Balance,3.0,Rural
3824,23,Rural Balance,3.0,Rural
3825,23,Rural Balance,3.0,Rural
3831,23,Rural Balance,3.0,Rural
3832,23,Rural Balance,3.0,Rural
3833,23,Rural Balance,3.0,Rural
3835,23,Rural Balance,3.0,Rural
3840,23,Rural Balance,3.0,Rural
3842,21,Other Urban,1.0,Urban
3844,23,Rural Balance,3.0,Rural
3847,23,Rural Balance,3.0,Rural
3850,21,Other Urban,1.0,Urban
3851,23,Rural Balance,3.0,Rural
3852,23,Rural Balance,3.0,Rural
3854,23,Rural Balance,3.0,Rural
3856,23,Rural Balance,3.0,Rural
3857,23,Rural Balance,3.0,Rural
3858,23,Rural Balance,3.0,Rural
3859,23,Rural Balance,3.0,Rural
3860,23,Rural Balance,3.0,Rural
3862,23,Rural Balance,3.0,Rural
3864,23,Rural Balance,3.0,Rural
3865,23,Rural Balance,3.0,Rural
3869,23,Rural Balance,3.0,Rural
3870,23,Rural Balance,3.0,Rural
3871,23,Rural Balance,3.0,Rural
3873,23,Rural Balance,3.0,Rural
3874,23,Rural Balance,3.0,Rural
3875,23,Rural Balance,3.0,Rural
3878,23,Rural Balance,3.0,Rural
3880,23,Rural Balance,3.0,Rural
3882,23,Rural Balance,3.0,Rural
3885,23,Rural Balance,3.0,Rural
3886,23,Rural Balance,3.0,Rural
3887,23,Rural Balance,3.0,Rural
3888,23,Rural Balance,3.0,Rural
3889,23,Rural Balance,3.0,Rural
3890,23,Rural Balance,3.0,Rural
3891,23,Rural Balance,3.0,Rural
3892,23,Rural Balance,3.0,Rural
3893,23,Rural Balance,3.0,Rural
3895,23,Rural Balance,3.0,Rural
3896,23,Rural Balance,3.0,Rural
3898,23,Rural Balance,3.0,Rural
3900,23,Rural Balance,3.0,Rural
3902,23,Rural Balance,3.0,Rural
3903,23,Rural Balance,3.0,Rural
3904,23,Rural Balance,3.0,Rural
3909,23,Rural Balance,3.0,Rural
3910,20,Major Urban,0.0,Urban
3911,20,Major Urban,0.0,Urban
3912,23,Rural Balance,3.0,Rural
3913,20,Major Urban,0.0,Urban
3915,23,Rural Balance,3.0,Rural
3916,23,Rural Balance,3.0,Rural
3918,20,Major Urban,0.0,Urban
3919,20,Major Urban,0.0,Urban
3920,20,Major Urban,0.0,Urban
3921,23,Rural Balance,3.0,Rural
3922,23,Rural Balance,3.0,Rural
3923,23,Rural Balance,3.0,Rural
3925,21,Other Urban,1.0,Urban
3926,23,Rural Balance,3.0,Rural
3927,23,Rural Balance,3.0,Rural
3928,23,Rural Balance,3.0,Rural
3929,23,Rural Balance,3.0,Rural
3930,20,Major Urban,0.0,Urban
3931,20,Major Urban,0.0,Urban
3933,23,Rural Balance,3.0,Rural
3934,20,Major Urban,0.0,Urban
3936,23,Rural Balance,3.0,Rural
3937,23,Rural Balance,3.0,Rural
3938,20,Major Urban,0.0,Urban
3939,23,Rural Balance,3.0,Rural
3940,20,Major Urban,0.0,Urban
3941,23,Rural Balance,3.0,Rural
3942,20,Major Urban,0.0,Urban
3943,20,Major Urban,0.0,Urban
3944,20,Major Urban,0.0,Urban
3945,23,Rural Balance,3.0,Rural
3946,23,Rural Balance,3.0,Rural
3950,23,Rural Balance,3.0,Rural
3951,23,Rural Balance,3.0,Rural
3953,23,Rural Balance,3.0,Rural
3954,23,Rural Balance,3.0,Rural
3956,23,Rural Balance,3.0,Rural
3957,23,Rural Balance,3.0,Rural
3958,23,Rural Balance,3.0,Rural
3959,23,Rural Balance,3.0,Rural
3960,21,Other Urban,1.0,Urban
3962,23,Rural Balance,3.0,Rural
3964,23,Rural Balance,3.0,Rural
3965,23,Rural Balance,3.0,Rural
3966,23,Rural Balance,3.0,Rural
3967,23,Rural Balance,3.0,Rural
3971,23,Rural Balance,3.0,Rural
3975,20,Major Urban,0.0,Urban
3976,20,Major Urban,0.0,Urban
3977,20,Major Urban,0.0,Urban
3978,20,Major Urban,0.0,Urban
3979,23,Rural Balance,3.0,Rural
3980,23,Rural Balance,3.0,Rural
3981,23,Rural Balance,3.0,Rural
3984,23,Rural Balance,3.0,Rural
3987,23,Rural Balance,3.0,Rural
3988,23,Rural Balance,3.0,Rural
3990,23,Rural Balance,3.0,Rural
3991,23,Rural Balance,3.0,Rural
3992,23,Rural Balance,3.0,Rural
3995,23,Rural Balance,3.0,Rural
3996,23,Rural Balance,3.0,Rural
4000,30,Major Urban,0.0,Urban
4005,30,Major Urban,0.0,Urban
4006,30,Major Urban,0.0,Urban
4007,30,Major Urban,0.0,Urban
4008,30,Major Urban,0.0,Urban
4009,30,Major Urban,0.0,Urban
4010,30,Major Urban,0.0,Urban
4011,30,Major Urban,0.0,Urban
4012,30,Major Urban,0.0,Urban
4013,30,Major Urban,0.0,Urban
4014,30,Major Urban,0.0,Urban
4017,30,Major Urban,0.0,Urban
4018,30,Major Urban,0.0,Urban
4019,30,Major Urban,0.0,Urban
4020,30,Major Urban,0.0,Urban
4021,30,Major Urban,0.0,Urban
4022,30,Major Urban,0.0,Urban
4025,33,Rural Balance,3.0,Rural
4030,30,Major Urban,0.0,Urban
4031,30,Major Urban,0.0,Urban
4032,30,Major Urban,0.0,Urban
4034,30,Major Urban,0.0,Urban
4035,30,Major Urban,0.0,Urban
4036,30,Major Urban,0.0,Urban
4037,30,Major Urban,0.0,Urban
4051,30,Major Urban,0.0,Urban
4053,30,Major Urban,0.0,Urban
4054,30,Major Urban,0.0,Urban
4055,33,Rural Balance,3.0,Rural
4059,30,Major Urban,0.0,Urban
4060,30,Major Urban,0.0,Urban
4061,30,Major Urban,0.0,Urban
4064,30,Major Urban,0.0,Urban
4065,30,Major Urban,0.0,Urban
4066,33,Rural Balance,3.0,Rural
4067,30,Major Urban,0.0,Urban
4068,30,Major Urban,0.0,Urban
4069,30,Major Urban,0.0,Urban
4070,30,Major Urban,0.0,Urban
4073,30,Major Urban,0.0,Urban
4074,30,Major Urban,0.0,Urban
4075,30,Major Urban,0.0,Urban
4076,30,Major Urban,0.0,Urban
4077,30,Major Urban,0.0,Urban
4078,30,Major Urban,0.0,Urban
4101,30,Major Urban,0.0,Urban
4102,30,Major Urban,0.0,Urban
4103,30,Major Urban,0.0,Urban
4104,30,Major Urban,0.0,Urban
4105,30,Major Urban,0.0,Urban
4106,30,Major Urban,0.0,Urban
4107,30,Major Urban,0.0,Urban
4108,30,Major Urban,0.0,Urban
4109,30,Major Urban,0.0,Urban
4110,30,Major Urban,0.0,Urban
4111,30,Major Urban,0.0,Urban
4112,30,Major Urban,0.0,Urban
4113,30,Major Urban,0.0,Urban
4114,30,Major Urban,0.0,Urban
4115,30,Major Urban,0.0,Urban
4116,30,Major Urban,0.0,Urban
4117,30,Major Urban,0.0,Urban
4118,30,Major Urban,0.0,Urban
4119,30,Major Urban,0.0,Urban
4120,30,Major Urban,0.0,Urban
4121,30,Major Urban,0.0,Urban
4122,30,Major Urban,0.0,Urban
4123,30,Major Urban,0.0,Urban
4124,30,Major Urban,0.0,Urban
4125,30,Major Urban,0.0,Urban
4127,30,Major Urban,0.0,Urban
4128,30,Major Urban,0.0,Urban
4129,30,Major Urban,0.0,Urban
4130,30,Major Urban,0.0,Urban
4131,30,Major Urban,0.0,Urban
4132,30,Major Urban,0.0,Urban
4133,33,Rural Balance,3.0,Rural
4151,30,Major Urban,0.0,Urban
4152,30,Major Urban,0.0,Urban
4153,33,Rural Balance,3.0,Rural
4154,30,Major Urban,0.0,Urban
4155,30,Major Urban,0.0,Urban
4156,33,Rural Balance,3.0,Rural
4157,33,Rural Balance,3.0,Rural
4158,30,Major Urban,0.0,Urban
4159,30,Major Urban,0.0,Urban
4160,30,Major Urban,0.0,Urban
4161,30,Major Urban,0.0,Urban
4163,30,Major Urban,0.0,Urban
4164,30,Major Urban,0.0,Urban
4165,33,Rural Balance,3.0,Rural
4169,30,Major Urban,0.0,Urban
4170,30,Major Urban,0.0,Urban
4171,30,Major Urban,0.0,Urban
4172,30,Major Urban,0.0,Urban
4173,30,Major Urban,0.0,Urban
4174,30,Major Urban,0.0,Urban
4178,30,Major Urban,0.0,Urban
4179,30,Major Urban,0.0,Urban
4183,33,Rural Balance,3.0,Rural
4184,31,Other Urban,1.0,Urban
4205,30,Major Urban,0.0,Urban
4207,30,Major Urban,0.0,Urban
4208,33,Rural Balance,3.0,Rural
4209,30,Major Urban,0.0,Urban
4210,30,Major Urban,0.0,Urban
4211,33,Rural Balance,3.0,Rural
4212,30,Major Urban,0.0,Urban
4213,33,Rural Balance,3.0,Rural
4214,30,Major Urban,0.0,Urban
4215,30,Major Urban,0.0,Urban
4216,30,Major Urban,0.0,Urban
4217,30,Major Urban,0.0,Urban
4218,30,Major Urban,0.0,Urban
4220,30,Major Urban,0.0,Urban
4221,30,Major Urban,0.0,Urban
4223,30,Major Urban,0.0,Urban
4224,30,Major Urban,0.0,Urban
4225,30,Major Urban,0.0,Urban
4226,30,Major Urban,0.0,Urban
4227,30,Major Urban,0.0,Urban
4228,33,Rural Balance,3.0,Rural
4270,33,Rural Balance,3.0,Rural
4272,31,Other Urban,1.0,Urban
4275,33,Rural Balance,3.0,Rural
4280,31,Other Urban,1.0,Urban
4285,33,Rural Balance,3.0,Rural
4287,33,Rural Balance,3.0,Rural
4300,30,Major Urban,0.0,Urban
4301,30,Major Urban,0.0,Urban
4303,30,Major Urban,0.0,Urban
4304,30,Major Urban,0.0,Urban
4305,30,Major Urban,0.0,Urban
4306,33,Rural Balance,3.0,Rural
4307,33,Rural Balance,3.0,Rural
4309,33,Rural Balance,3.0,Rural
4310,33,Rural Balance,3.0,Rural
4311,33,Rural Balance,3.0,Rural
4312,33,Rural Balance,3.0,Rural
4313,33,Rural Balance,3.0,Rural
4314,33,Rural Balance,3.0,Rural
4340,33,Rural Balance,3.0,Rural
4341,33,Rural Balance,3.0,Rural
4342,33,Rural Balance,3.0,Rural
4343,33,Rural Balance,3.0,Rural
4344,33,Rural Balance,3.0,Rural
4346,32,Bounded Locality,2.0,Rural
4347,33,Rural Balance,3.0,Rural
4350,30,Major Urban,0.0,Urban
4352,33,Rural Balance,3.0,Rural
4353,33,Rural Balance,3.0,Rural
4354,33,Rural Balance,3.0,Rural
4355,33,Rural Balance,3.0,Rural
4356,33,Rural Balance,3.0,Rural
4357,33,Rural Balance,3.0,Rural
4358,33,Rural Balance,3.0,Rural
4359,33,Rural Balance,3.0,Rural
4360,33,Rural Balance,3.0,Rural
4361,31,Other Urban,1.0,Urban
4362,33,Rural Balance,3.0,Rural
4363,33,Rural Balance,3.0,Rural
4364,33,Rural Balance,3.0,Rural
4365,33,Rural Balance,3.0,Rural
4370,31,Other Urban,1.0,Urban
4371,33,Rural Balance,3.0,Rural
4372,33,Rural Balance,3.0,Rural
4373,33,Rural Balance,3.0,Rural
4374,33,Rural Balance,3.0,Rural
4375,33,Rural Balance,3.0,Rural
4376,33,Rural Balance,3.0,Rural
4377,13,Rural Balance,3.0,Rural
4378,33,Rural Balance,3.0,Rural
4380,33,Rural Balance,3.0,Rural
4381,33,Rural Balance,3.0,Rural
4382,33,Rural Balance,3.0,Rural
4383,13,Rural Balance,3.0,Rural
4384,33,Rural Balance,3.0,Rural
4385,33,Rural Balance,3.0,Rural
4387,33,Rural Balance,3.0,Rural
4388,33,Rural Balance,3.0,Rural
4390,33,Rural Balance,3.0,Rural
4400,33,Rural Balance,3.0,Rural
4401,33,Rural Balance,3.0,Rural
4402,33,Rural Balance,3.0,Rural
4403,33,Rural Balance,3.0,Rural
4404,33,Rural Balance,3.0,Rural
4405,33,Rural Balance,3.0,Rural
4406,33,Rural Balance,3.0,Rural
4407,33,Rural Balance,3.0,Rural
4408,33,Rural Balance,3.0,Rural
4410,33,Rural Balance,3.0,Rural
4411,33,Rural Balance,3.0,Rural
4412,33,Rural Balance,3.0,Rural
4413,33,Rural Balance,3.0,Rural
4415,33,Rural Balance,3.0,Rural
4416,33,Rural Balance,3.0,Rural
4417,33,Rural Balance,3.0,Rural
4418,33,Rural Balance,3.0,Rural
4419,33,Rural Balance,3.0,Rural
4420,33,Rural Balance,3.0,Rural
4421,33,Rural Balance,3.0,Rural
4422,33,Rural Balance,3.0,Rural
4423,33,Rural Balance,3.0,Rural
4424,33,Rural Balance,3.0,Rural
4425,33,Rural Balance,3.0,Rural
4426,33,Rural Balance,3.0,Rural
4427,33,Rural Balance,3.0,Rural
4428,33,Rural Balance,3.0,Rural
4454,33,Rural Balance,3.0,Rural
4455,33,Rural Balance,3.0,Rural
4461,33,Rural Balance,3.0,Rural
4462,33,Rural Balance,3.0,Rural
4465,33,Rural Balance,3.0,Rural
4467,33,Rural Balance,3.0,Rural
4468,33,Rural Balance,3.0,Rural
4470,33,Rural Balance,3.0,Rural
4472,33,Rural Balance,3.0,Rural
4474,33,Rural Balance,3.0,Rural
4477,33,Rural Balance,3.0,Rural
4478,33,Rural Balance,3.0,Rural
4479,33,Rural Balance,3.0,Rural
4480,33,Rural Balance,3.0,Rural
4481,33,Rural Balance,3.0,Rural
4482,33,Rural Balance,3.0,Rural
4486,33,Rural Balance,3.0,Rural
4487,33,Rural Balance,3.0,Rural
4488,33,Rural Balance,3.0,Rural
4489,33,Rural Balance,3.0,Rural
4490,33,Rural Balance,3.0,Rural
4491,33,Rural Balance,3.0,Rural
4492,33,Rural Balance,3.0,Rural
4493,33,Rural Balance,3.0,Rural
4494,33,Rural Balance,3.0,Rural
4496,33,Rural Balance,3.0,Rural
4497,33,Rural Balance,3.0,Rural
4498,33,Rural Balance,3.0,Rural
4500,30,Major Urban,0.0,Urban
4501,30,Major Urban,0.0,Urban
4502,30,Major Urban,0.0,Urban
4503,30,Major Urban,0.0,Urban
4504,30,Major Urban,0.0,Urban
4505,30,Major Urban,0.0,Urban
4506,30,Major Urban,0.0,Urban
4507,33,Rural Balance,3.0,Rural
4508,30,Major Urban,0.0,Urban
4509,30,Major Urban,0.0,Urban
4510,30,Major Urban,0.0,Urban
4511,31,Other Urban,1.0,Urban
4512,33,Rural Balance,3.0,Rural
4514,33,Rural Balance,3.0,Rural
4515,33,Rural Balance,3.0,Rural
4516,33,Rural Balance,3.0,Rural
4517,33,Rural Balance,3.0,Rural
4518,33,Rural Balance,3.0,Rural
4519,31,Other Urban,1.0,Urban
4520,33,Rural Balance,3.0,Rural
4521,33,Rural Balance,3.0,Rural
4550,33,Rural Balance,3.0,Rural
4551,30,Major Urban,0.0,Urban
4552,33,Rural Balance,3.0,Rural
4553,33,Rural Balance,3.0,Rural
4554,33,Rural Balance,3.0,Rural
4555,31,Other Urban,1.0,Urban
4556,30,Major Urban,0.0,Urban
4557,30,Major Urban,0.0,Urban
4558,30,Major Urban,0.0,Urban
4559,33,Rural Balance,3.0,Rural
4560,33,Rural Balance,3.0,Rural
4561,33,Rural Balance,3.0,Rural
4562,33,Rural Balance,3.0,Rural
4563,33,Rural Balance,3.0,Rural
4564,30,Major Urban,0.0,Urban
4565,33,Rural Balance,3.0,Rural
4566,30,Major Urban,0.0,Urban
4567,30,Major Urban,0.0,Urban
4568,31,Other Urban,1.0,Urban
4569,32,Bounded Locality,2.0,Rural
4570,33,Rural Balance,3.0,Rural
4571,33,Rural Balance,3.0,Rural
4572,30,Major Urban,0.0,Urban
4573,33,Rural Balance,3.0,Rural
4574,33,Rural Balance,3.0,Rural
4575,30,Major Urban,0.0,Urban
4580,33,Rural Balance,3.0,Rural
4581,33,Rural Balance,3.0,Rural
4600,32,Bounded Locality,2.0,Rural
4601,33,Rural Balance,3.0,Rural
4605,33,Rural Balance,3.0,Rural
4606,33,Rural Balance,3.0,Rural
4608,33,Rural Balance,3.0,Rural
4610,33,Rural Balance,3.0,Rural
4611,33,Rural Balance,3.0,Rural
4612,33,Rural Balance,3.0,Rural
4613,33,Rural Balance,3.0,Rural
4614,33,Rural Balance,3.0,Rural
4615,33,Rural Balance,3.0,Rural
4620,33,Rural Balance,3.0,Rural
4621,33,Rural Balance,3.0,Rural
4625,33,Rural Balance,3.0,Rural
4626,33,Rural Balance,3.0,Rural
4627,33,Rural Balance,3.0,Rural
4630,33,Rural Balance,3.0,Rural
4650,33,Rural Balance,3.0,Rural
4655,33,Rural Balance,3.0,Rural
4659,33,Rural Balance,3.0,Rural
4660,33,Rural Balance,3.0,Rural
4662,33,Rural Balance,3.0,Rural
4670,33,Rural Balance,3.0,Rural
4671,33,Rural Balance,3.0,Rural
4673,33,Rural Balance,3.0,Rural
4674,33,Rural Balance,3.0,Rural
4676,33,Rural Balance,3.0,Rural
4677,33,Rural Balance,3.0,Rural
4678,33,Rural Balance,3.0,Rural
4680,33,Rural Balance,3.0,Rural
4694,33,Rural Balance,3.0,Rural
4695,33,Rural Balance,3.0,Rural
4697,33,Rural Balance,3.0,Rural
4699,33,Rural Balance,3.0,Rural
4700,33,Rural Balance,3.0,Rural
4701,33,Rural Balance,3.0,Rural
4702,33,Rural Balance,3.0,Rural
4703,33,Rural Balance,3.0,Rural
4704,33,Rural Balance,3.0,Rural
4705,33,Rural Balance,3.0,Rural
4706,33,Rural Balance,3.0,Rural
4707,33,Rural Balance,3.0,Rural
4709,32,Bounded Locality,2.0,Rural
4710,33,Rural Balance,3.0,Rural
4711,33,Rural Balance,3.0,Rural
4712,33,Rural Balance,3.0,Rural
4713,32,Bounded Locality,2.0,Rural
4714,33,Rural Balance,3.0,Rural
4715,33,Rural Balance,3.0,Rural
4716,33,Rural Balance,3.0,Rural
4717,33,Rural Balance,3.0,Rural
4718,33,Rural Balance,3.0,Rural
4719,33,Rural Balance,3.0,Rural
4720,33,Rural Balance,3.0,Rural
4721,33,Rural Balance,3.0,Rural
4722,33,Rural Balance,3.0,Rural
4723,33,Rural Balance,3.0,Rural
4724,33,Rural Balance,3.0,Rural
4725,33,Rural Balance,3.0,Rural
4726,33,Rural Balance,3.0,Rural
4727,33,Rural Balance,3.0,Rural
4728,33,Rural Balance,3.0,Rural
4730,33,Rural Balance,3.0,Rural
4731,33,Rural Balance,3.0,Rural
4732,33,Rural Balance,3.0,Rural
4733,33,Rural Balance,3.0,Rural
4735,33,Rural Balance,3.0,Rural
4736,33,Rural Balance,3.0,Rural
4737,33,Rural Balance,3.0,Rural
4738,33,Rural Balance,3.0,Rural
4739,33,Rural Balance,3.0,Rural
4740,33,Rural Balance,3.0,Rural
4741,33,Rural Balance,3.0,Rural
4742,33,Rural Balance,3.0,Rural
4743,33,Rural Balance,3.0,Rural
4744,33,Rural Balance,3.0,Rural
4745,33,Rural Balance,3.0,Rural
4746,33,Rural Balance,3.0,Rural
4750,31,Other Urban,1.0,Urban
4751,33,Rural Balance,3.0,Rural
4753,33,Rural Balance,3.0,Rural
4754,33,Rural Balance,3.0,Rural
4756,33,Rural Balance,3.0,Rural
4757,33,Rural Balance,3.0,Rural
4798,33,Rural Balance,3.0,Rural
4799,33,Rural Balance,3.0,Rural
4800,33,Rural Balance,3.0,Rural
4802,33,Rural Balance,3.0,Rural
4804,33,Rural Balance,3.0,Rural
4805,33,Rural Balance,3.0,Rural
4806,33,Rural Balance,3.0,Rural
4807,33,Rural Balance,3.0,Rural
4808,33,Rural Balance,3.0,Rural
4809,33,Rural Balance,3.0,Rural
4810,33,Rural Balance,3.0,Rural
4811,33,Rural Balance,3.0,Rural
4812,30,Major Urban,0.0,Urban
4814,30,Major Urban,0.0,Urban
4815,33,Rural Balance,3.0,Rural
4816,33,Rural Balance,3.0,Rural
4817,33,Rural Balance,3.0,Rural
4818,33,Rural Balance,3.0,Rural
4819,33,Rural Balance,3.0,Rural
4820,33,Rural Balance,3.0,Rural
4821,33,Rural Balance,3.0,Rural
4822,33,Rural Balance,3.0,Rural
4823,33,Rural Balance,3.0,Rural
4824,33,Rural Balance,3.0,Rural
4825,33,Rural Balance,3.0,Rural
4828,33,Rural Balance,3.0,Rural
4829,33,Rural Balance,3.0,Rural
4830,33,Rural Balance,3.0,Rural
4849,33,Rural Balance,3.0,Rural
4850,33,Rural Balance,3.0,Rural
4852,33,Rural Balance,3.0,Rural
4854,33,Rural Balance,3.0,Rural
4855,33,Rural Balance,3.0,Rural
4856,33,Rural Balance,3.0,Rural
4858,33,Rural Balance,3.0,Rural
4859,33,Rural Balance,3.0,Rural
4860,33,Rural Balance,3.0,Rural
4861,33,Rural Balance,3.0,Rural
4865,31,Other Urban,1.0,Urban
4868,30,Major Urban,0.0,Urban
4869,30,Major Urban,0.0,Urban
4870,33,Rural Balance,3.0,Rural
4871,33,Rural Balance,3.0,Rural
4872,33,Rural Balance,3.0,Rural
4873,33,Rural Balance,3.0,Rural
4874,33,Rural Balance,3.0,Rural
4875,33,Rural Balance,3.0,Rural
4876,33,Rural Balance,3.0,Rural
4877,33,Rural Balance,3.0,Rural
4878,30,Major Urban,0.0,Urban
4879,30,Major Urban,0.0,Urban
4880,33,Rural Balance,3.0,Rural
4881,33,Rural Balance,3.0,Rural
4882,33,Rural Balance,3.0,Rural
4883,33,Rural Balance,3.0,Rural
4884,33,Rural Balance,3.0,Rural
4885,33,Rural Balance,3.0,Rural
4886,33,Rural Balance,3.0,Rural
4887,33,Rural Balance,3.0,Rural
4888,33,Rural Balance,3.0,Rural
4890,33,Rural Balance,3.0,Rural
4891,33,Rural Balance,3.0,Rural
4892,33,Rural Balance,3.0,Rural
4895,33,Rural Balance,3.0,Rural
5000,40,Major Urban,0.0,Urban
5006,40,Major Urban,0.0,Urban
5007,40,Major Urban,0.0,Urban
5008,40,Major Urban,0.0,Urban
5009,40,Major Urban,0.0,Urban
5010,40,Major Urban,0.0,Urban
5011,40,Major Urban,0.0,Urban
5012,40,Major Urban,0.0,Urban
5013,40,Major Urban,0.0,Urban
5014,40,Major Urban,0.0,Urban
5015,40,Major Urban,0.0,Urban
5016,40,Major Urban,0.0,Urban
5017,40,Major Urban,0.0,Urban
5018,40,Major Urban,0.0,Urban
5019,40,Major Urban,0.0,Urban
5020,40,Major Urban,0.0,Urban
5021,40,Major Urban,0.0,Urban
5022,40,Major Urban,0.0,Urban
5023,40,Major Urban,0.0,Urban
5024,40,Major Urban,0.0,Urban
5025,40,Major Urban,0.0,Urban
5031,40,Major Urban,0.0,Urban
5032,40,Major Urban,0.0,Urban
5033,40,Major Urban,0.0,Urban
5034,40,Major Urban,0.0,Urban
5035,40,Major Urban,0.0,Urban
5037,40,Major Urban,0.0,Urban
5038,40,Major Urban,0.0,Urban
5039,40,Major Urban,0.0,Urban
5040,40,Major Urban,0.0,Urban
5041,40,Major Urban,0.0,Urban
5042,40,Major Urban,0.0,Urban
5043,40,Major Urban,0.0,Urban
5044,40,Major Urban,0.0,Urban
5045,40,Major Urban,0.0,Urban
5046,40,Major Urban,0.0,Urban
5047,40,Major Urban,0.0,Urban
5048,40,Major Urban,0.0,Urban
5049,40,Major Urban,0.0,Urban
5050,40,Major Urban,0.0,Urban
5051,40,Major Urban,0.0,Urban
5052,43,Rural Balance,3.0,Rural
5061,40,Major Urban,0.0,Urban
5062,40,Major Urban,0.0,Urban
5063,40,Major Urban,0.0,Urban
5064,40,Major Urban,0.0,Urban
5065,40,Major Urban,0.0,Urban
5066,40,Major Urban,0.0,Urban
5067,40,Major Urban,0.0,Urban
5068,40,Major Urban,0.0,Urban
5069,40,Major Urban,0.0,Urban
5070,40,Major Urban,0.0,Urban
5072,40,Major Urban,0.0,Urban
5073,40,Major Urban,0.0,Urban
5074,40,Major Urban,0.0,Urban
5075,40,Major Urban,0.0,Urban
5076,43,Rural Balance,3.0,Rural
5081,40,Major Urban,0.0,Urban
5082,40,Major Urban,0.0,Urban
5083,40,Major Urban,0.0,Urban
5084,40,Major Urban,0.0,Urban
5085,40,Major Urban,0.0,Urban
5086,40,Major Urban,0.0,Urban
5087,40,Major Urban,0.0,Urban
5088,40,Major Urban,0.0,Urban
5089,40,Major Urban,0.0,Urban
5090,40,Major Urban,0.0,Urban
5091,43,Rural Balance,3.0,Rural
5092,40,Major Urban,0.0,Urban
5093,40,Major Urban,0.0,Urban
5094,40,Major Urban,0.0,Urban
5095,40,Major Urban,0.0,Urban
5096,40,Major Urban,0.0,Urban
5097,40,Major Urban,0.0,Urban
5098,40,Major Urban,0.0,Urban
5106,40,Major Urban,0.0,Urban
5107,40,Major Urban,0.0,Urban
5108,40,Major Urban,0.0,Urban
5109,40,Major Urban,0.0,Urban
5110,43,Rural Balance,3.0,Rural
5111,40,Major Urban,0.0,Urban
5112,40,Major Urban,0.0,Urban
5113,40,Major Urban,0.0,Urban
5114,43,Rural Balance,3.0,Rural
5115,43,Rural Balance,3.0,Rural
5116,41,Other Urban,1.0,Urban
5117,41,Other Urban,1.0,Urban
5118,41,Other Urban,1.0,Urban
5120,43,Rural Balance,3.0,Rural
5121,43,Rural Balance,3.0,Rural
5125,40,Major Urban,0.0,Urban
5126,40,Major Urban,0.0,Urban
5127,40,Major Urban,0.0,Urban
5131,43,Rural Balance,3.0,Rural
5132,43,Rural Balance,3.0,Rural
5133,43,Rural Balance,3.0,Rural
5134,43,Rural Balance,3.0,Rural
5136,43,Rural Balance,3.0,Rural
5137,43,Rural Balance,3.0,Rural
5138,43,Rural Balance,3.0,Rural
5139,43,Rural Balance,3.0,Rural
5140,40,Major Urban,0.0,Urban
5141,43,Rural Balance,3.0,Rural
5142,42,Bounded Locality,2.0,Rural
5144,43,Rural Balance,3.0,Rural
5150,43,Rural Balance,3.0,Rural
5151,41,Other Urban,1.0,Urban
5152,43,Rural Balance,3.0,Rural
5153,43,Rural Balance,3.0,Rural
5154,41,Other Urban,1.0,Urban
5155,43,Rural Balance,3.0,Rural
5156,41,Other Urban,1.0,Urban
5157,43,Rural Balance,3.0,Rural
5158,40,Major Urban,0.0,Urban
5159,40,Major Urban,0.0,Urban
5160,40,Major Urban,0.0,Urban
5161,40,Major Urban,0.0,Urban
5162,40,Major Urban,0.0,Urban
5163,43,Rural Balance,3.0,Rural
5164,40,Major Urban,0.0,Urban
5165,40,Major Urban,0.0,Urban
5166,40,Major Urban,0.0,Urban
5167,40,Major Urban,0.0,Urban
5168,40,Major Urban,0.0,Urban
5169,40,Major Urban,0.0,Urban
5170,40,Major Urban,0.0,Urban
5171,43,Rural Balance,3.0,Rural
5172,43,Rural Balance,3.0,Rural
5173,40,Major Urban,0.0,Urban
5174,43,Rural Balance,3.0,Rural
5201,43,Rural Balance,3.0,Rural
5202,43,Rural Balance,3.0,Rural
5203,43,Rural Balance,3.0,Rural
5204,43,Rural Balance,3.0,Rural
5210,43,Rural Balance,3.0,Rural
5211,43,Rural Balance,3.0,Rural
5212,43,Rural Balance,3.0,Rural
5213,43,Rural Balance,3.0,Rural
5214,41,Other Urban,1.0,Urban
5220,43,Rural Balance,3.0,Rural
5221,43,Rural Balance,3.0,Rural
5222,43,Rural Balance,3.0,Rural
5223,43,Rural Balance,3.0,Rural
5231,43,Rural Balance,3.0,Rural
5232,43,Rural Balance,3.0,Rural
5233,43,Rural Balance,3.0,Rural
5234,43,Rural Balance,3.0,Rural
5235,43,Rural Balance,3.0,Rural
5236,43,Rural Balance,3.0,Rural
5237,43,Rural Balance,3.0,Rural
5238,43,Rural Balance,3.0,Rural
5240,43,Rural Balance,3.0,Rural
5241,41,Other Urban,1.0,Urban
5242,43,Rural Balance,3.0,Rural
5243,43,Rural Balance,3.0,Rural
5244,43,Rural Balance,3.0,Rural
5245,43,Rural Balance,3.0,Rural
5250,41,Other Urban,1.0,Urban
5251,41,Other Urban,1.0,Urban
5252,43,Rural Balance,3.0,Rural
5253,43,Rural Balance,3.0,Rural
5254,43,Rural Balance,3.0,Rural
5255,43,Rural Balance,3.0,Rural
5256,43,Rural Balance,3.0,Rural
5259,43,Rural Balance,3.0,Rural
5260,43,Rural Balance,3.0,Rural
5261,43,Rural Balance,3.0,Rural
5262,43,Rural Balance,3.0,Rural
5263,43,Rural Balance,3.0,Rural
5264,43,Rural Balance,3.0,Rural
5265,43,Rural Balance,3.0,Rural
5266,43,Rural Balance,3.0,Rural
5267,43,Rural Balance,3.0,Rural
5268,43,Rural Balance,3.0,Rural
5269,43,Rural Balance,3.0,Rural
5270,43,Rural Balance,3.0,Rural
5271,43,Rural Balance,3.0,Rural
5272,43,Rural Balance,3.0,Rural
5273,43,Rural Balance,3.0,Rural
5275,43,Rural Balance,3.0,Rural
5276,43,Rural Balance,3.0,Rural
5277,43,Rural Balance,3.0,Rural
5278,43,Rural Balance,3.0,Rural
5279,43,Rural Balance,3.0,Rural
5280,43,Rural Balance,3.0,Rural
5290,41,Other Urban,1.0,Urban
5291,43,Rural Balance,3.0,Rural
5301,43,Rural Balance,3.0,Rural
5302,43,Rural Balance,3.0,Rural
5303,43,Rural Balance,3.0,Rural
5304,43,Rural Balance,3.0,Rural
5306,43,Rural Balance,3.0,Rural
5307,43,Rural Balance,3.0,Rural
5308,43,Rural Balance,3.0,Rural
5309,43,Rural Balance,3.0,Rural
5310,43,Rural Balance,3.0,Rural
5311,43,Rural Balance,3.0,Rural
5320,43,Rural Balance,3.0,Rural
5321,43,Rural Balance,3.0,Rural
5322,43,Rural Balance,3.0,Rural
5330,43,Rural Balance,3.0,Rural
5331,43,Rural Balance,3.0,Rural
5332,43,Rural Balance,3.0,Rural
5333,43,Rural Balance,3.0,Rural
5340,43,Rural Balance,3.0,Rural
5341,43,Rural Balance,3.0,Rural
5342,43,Rural Balance,3.0,Rural
5343,43,Rural Balance,3.0,Rural
5344,43,Rural Balance,3.0,Rural
5345,43,Rural Balance,3.0,Rural
5346,43,Rural Balance,3.0,Rural
5350,43,Rural Balance,3.0,Rural
5351,43,Rural Balance,3.0,Rural
5352,43,Rural Balance,3.0,Rural
5353,43,Rural Balance,3.0,Rural
5354,43,Rural Balance,3.0,Rural
5355,41,Other Urban,1.0,Urban
5356,43,Rural Balance,3.0,Rural
5357,43,Rural Balance,3.0,Rural
5360,43,Rural Balance,3.0,Rural
5371,43,Rural Balance,3.0,Rural
5372,41,Other Urban,1.0,Urban
5373,43,Rural Balance,3.0,Rural
5374,43,Rural Balance,3.0,Rural
5381,43,Rural Balance,3.0,Rural
5400,43,Rural Balance,3.0,Rural
5401,43,Rural Balance,3.0,Rural
5410,43,Rural Balance,3.0,Rural
5411,43,Rural Balance,3.0,Rural
5412,43,Rural Balance,3.0,Rural
5413,43,Rural Balance,3.0,Rural
5414,43,Rural Balance,3.0,Rural
5415,43,Rural Balance,3.0,Rural
5416,43,Rural Balance,3.0,Rural
5417,43,Rural Balance,3.0,Rural
5418,43,Rural Balance,3.0,Rural
5419,43,Rural Balance,3.0,Rural
5420,43,Rural Balance,3.0,Rural
5421,43,Rural Balance,3.0,Rural
5422,43,Rural Balance,3.0,Rural
5431,43,Rural Balance,3.0,Rural
5432,43,Rural Balance,3.0,Rural
5433,43,Rural Balance,3.0,Rural
5434,43,Rural Balance,3.0,Rural
5440,43,Rural Balance,3.0,Rural
5451,43,Rural Balance,3.0,Rural
5452,43,Rural Balance,3.0,Rural
5453,43,Rural Balance,3.0,Rural
5454,43,Rural Balance,3.0,Rural
5455,43,Rural Balance,3.0,Rural
5460,43,Rural Balance,3.0,Rural
5461,43,Rural Balance,3.0,Rural
5462,43,Rural Balance,3.0,Rural
5464,43,Rural Balance,3.0,Rural
5470,43,Rural Balance,3.0,Rural
5471,43,Rural Balance,3.0,Rural
5472,43,Rural Balance,3.0,Rural
5473,43,Rural Balance,3.0,Rural
5480,43,Rural Balance,3.0,Rural
5481,43,Rural Balance,3.0,Rural
5482,43,Rural Balance,3.0,Rural
5483,43,Rural Balance,3.0,Rural
5485,43,Rural Balance,3.0,Rural
5490,43,Rural Balance,3.0,Rural
5491,41,Other Urban,1.0,Urban
5493,43,Rural Balance,3.0,Rural
5495,43,Rural Balance,3.0,Rural
5501,43,Rural Balance,3.0,Rural
5502,43,Rural Balance,3.0,Rural
5510,43,Rural Balance,3.0,Rural
5520,43,Rural Balance,3.0,Rural
5521,43,Rural Balance,3.0,Rural
5522,43,Rural Balance,3.0,Rural
5523,43,Rural Balance,3.0,Rural
5540,43,Rural Balance,3.0,Rural
5550,43,Rural Balance,3.0,Rural
5552,43,Rural Balance,3.0,Rural
5554,43,Rural Balance,3.0,Rural
5555,43,Rural Balance,3.0,Rural
5556,43,Rural Balance,3.0,Rural
5558,43,Rural Balance,3.0,Rural
5560,43,Rural Balance,3.0,Rural
5570,43,Rural Balance,3.0,Rural
5571,43,Rural Balance,3.0,Rural
5572,43,Rural Balance,3.0,Rural
5573,43,Rural Balance,3.0,Rural
5575,43,Rural Balance,3.0,Rural
5576,43,Rural Balance,3.0,Rural
5577,43,Rural Balance,3.0,Rural
5580,43,Rural Balance,3.0,Rural
5581,43,Rural Balance,3.0,Rural
5582,43,Rural Balance,3.0,Rural
5583,43,Rural Balance,3.0,Rural
5600,41,Other Urban,1.0,Urban
5601,43,Rural Balance,3.0,Rural
5602,43,Rural Balance,3.0,Rural
5603,43,Rural Balance,3.0,Rural
5604,43,Rural Balance,3.0,Rural
5605,43,Rural Balance,3.0,Rural
5606,43,Rural Balance,3.0,Rural
5607,43,Rural Balance,3.0,Rural
5608,41,Other Urban,1.0,Urban
5609,41,Other Urban,1.0,Urban
5611,43,Rural Balance,3.0,Rural
5630,43,Rural Balance,3.0,Rural
5631,43,Rural Balance,3.0,Rural
5632,43,Rural Balance,3.0,Rural
5633,43,Rural Balance,3.0,Rural
5640,43,Rural Balance,3.0,Rural
5641,43,Rural Balance,3.0,Rural
5642,43,Rural Balance,3.0,Rural
5650,43,Rural Balance,3.0,Rural
5651,43,Rural Balance,3.0,Rural
5652,43,Rural Balance,3.0,Rural
5653,43,Rural Balance,3.0,Rural
5654,43,Rural Balance,3.0,Rural
5655,43,Rural Balance,3.0,Rural
5660,43,Rural Balance,3.0,Rural
5661,43,Rural Balance,3.0,Rural
5670,43,Rural Balance,3.0,Rural
5671,43,Rural Balance,3.0,Rural
5680,43,Rural Balance,3.0,Rural
5690,43,Rural Balance,3.0,Rural
5700,43,Rural Balance,3.0,Rural
5701,43,Rural Balance,3.0,Rural
5710,43,Rural Balance,3.0,Rural
5713,43,Rural Balance,3.0,Rural
5715,43,Rural Balance,3.0,Rural
5717,43,Rural Balance,3.0,Rural
5719,43,Rural Balance,3.0,Rural
5720,43,Rural Balance,3.0,Rural
5722,42,Bounded Locality,2.0,Rural
5723,43,Rural Balance,3.0,Rural
5724,43,Rural Balance,3.0,Rural
5725,43,Rural Balance,3.0,Rural
5730,43,Rural Balance,3.0,Rural
5731,43,Rural Balance,3.0,Rural
5732,43,Rural Balance,3.0,Rural
5733,43,Rural Balance,3.0,Rural
5734,43,Rural Balance,3.0,Rural
5950,40,Major Urban,0.0,Urban
6000,50,Major Urban,0.0,Urban
6003,50,Major Urban,0.0,Urban
6004,50,Major Urban,0.0,Urban
6005,50,Major Urban,0.0,Urban
6006,50,Major Urban,0.0,Urban
6007,50,Major Urban,0.0,Urban
6008,50,Major Urban,0.0,Urban
6009,50,Major Urban,0.0,Urban
6010,50,Major Urban,0.0,Urban
6011,50,Major Urban,0.0,Urban
6012,50,Major Urban,0.0,Urban
6014,50,Major Urban,0.0,Urban
6015,50,Major Urban,0.0,Urban
6016,50,Major Urban,0.0,Urban
6017,50,Major Urban,0.0,Urban
6018,50,Major Urban,0.0,Urban
6019,50,Major Urban,0.0,Urban
6020,50,Major Urban,0.0,Urban
6021,50,Major Urban,0.0,Urban
6022,50,Major Urban,0.0,Urban
6023,50,Major Urban,0.0,Urban
6024,50,Major Urban,0.0,Urban
6025,50,Major Urban,0.0,Urban
6026,50,Major Urban,0.0,Urban
6027,50,Major Urban,0.0,Urban
6028,50,Major Urban,0.0,Urban
6029,50,Major Urban,0.0,Urban
6030,50,Major Urban,0.0,Urban
6031,50,Major Urban,0.0,Urban
6032,53,Rural Balance,3.0,Rural
6033,53,Rural Balance,3.0,Rural
6034,50,Major Urban,0.0,Urban
6035,53,Rural Balance,3.0,Rural
6036,50,Major Urban,0.0,Urban
6037,53,Rural Balance,3.0,Rural
6038,50,Major Urban,0.0,Urban
6041,53,Rural Balance,3.0,Rural
6042,53,Rural Balance,3.0,Rural
6043,53,Rural Balance,3.0,Rural
6044,53,Rural Balance,3.0,Rural
6050,50,Major Urban,0.0,Urban
6051,50,Major Urban,0.0,Urban
6052,50,Major Urban,0.0,Urban
6053,50,Major Urban,0.0,Urban
6054,50,Major Urban,0.0,Urban
6055,50,Major Urban,0.0,Urban
6056,53,Rural Balance,3.0,Rural
6057,50,Major Urban,0.0,Urban
6058,50,Major Urban,0.0,Urban
6059,50,Major Urban,0.0,Urban
6060,50,Major Urban,0.0,Urban
6061,50,Major Urban,0.0,Urban
6062,50,Major Urban,0.0,Urban
6063,50,Major Urban,0.0,Urban
6064,50,Major Urban,0.0,Urban
6065,50,Major Urban,0.0,Urban
6066,50,Major Urban,0.0,Urban
6067,53,Rural Balance,3.0,Rural
6068,53,Rural Balance,3.0,Rural
6069,50,Major Urban,0.0,Urban
6070,50,Major Urban,0.0,Urban
6071,53,Rural Balance,3.0,Rural
6072,53,Rural Balance,3.0,Rural
6073,50,Major Urban,0.0,Urban
6074,53,Rural Balance,3.0,Rural
6076,53,Rural Balance,3.0,Rural
6077,53,Rural Balance,3.0,Rural
6078,53,Rural Balance,3.0,Rural
6079,53,Rural Balance,3.0,Rural
6081,53,Rural Balance,3.0,Rural
6082,53,Rural Balance,3.0,Rural
6083,53,Rural Balance,3.0,Rural
6084,53,Rural Balance,3.0,Rural
6090,50,Major Urban,0.0,Urban
6100,50,Major Urban,0.0,Urban
6101,50,Major Urban,0.0,Urban
6102,50,Major Urban,0.0,Urban
6103,50,Major Urban,0.0,Urban
6104,50,Major Urban,0.0,Urban
6105,50,Major Urban,0.0,Urban
6106,50,Major Urban,0.0,Urban
6107,50,Major Urban,0.0,Urban
6108,50,Major Urban,0.0,Urban
6109,53,Rural Balance,3.0,Rural
6110,50,Major Urban,0.0,Urban
6111,53,Rural Balance,3.0,Rural
6112,50,Major Urban,0.0,Urban
6121,53,Rural Balance,3.0,Rural
6122,53,Rural Balance,3.0,Rural
6123,53,Rural Balance,3.0,Rural
6124,53,Rural Balance,3.0,Rural
6125,53,Rural Balance,3.0,Rural
6126,53,Rural Balance,3.0,Rural
6147,50,Major Urban,0.0,Urban
6148,50,Major Urban,0.0,Urban
6149,50,Major Urban,0.0,Urban
6150,50,Major Urban,0.0,Urban
6151,50,Major Urban,0.0,Urban
6152,50,Major Urban,0.0,Urban
6153,50,Major Urban,0.0,Urban
6154,50,Major Urban,0.0,Urban
6155,50,Major Urban,0.0,Urban
6156,50,Major Urban,0.0,Urban
6157,50,Major Urban,0.0,Urban
6158,50,Major Urban,0.0,Urban
6159,50,Major Urban,0.0,Urban
6160,50,Major Urban,0.0,Urban
6161,52,Bounded Locality,2.0,Rural
6162,50,Major Urban,0.0,Urban
6163,50,Major Urban,0.0,Urban
6164,50,Major Urban,0.0,Urban
6165,50,Major Urban,0.0,Urban
6166,50,Major Urban,0.0,Urban
6167,53,Rural Balance,3.0,Rural
6168,50,Major Urban,0.0,Urban
6169,50,Major Urban,0.0,Urban
6170,50,Major Urban,0.0,Urban
6171,53,Rural Balance,3.0,Rural
6172,50,Major Urban,0.0,Urban
6173,50,Major Urban,0.0,Urban
6174,50,Major Urban,0.0,Urban
6175,50,Major Urban,0.0,Urban
6176,53,Rural Balance,3.0,Rural
6180,53,Rural Balance,3.0,Rural
6181,53,Rural Balance,3.0,Rural
6182,53,Rural Balance,3.0,Rural
6207,53,Rural Balance,3.0,Rural
6208,53,Rural Balance,3.0,Rural
6209,50,Major Urban,0.0,Urban
6210,50,Major Urban,0.0,Urban
6211,53,Rural Balance,3.0,Rural
6213,53,Rural Balance,3.0,Rural
6214,53,Rural Balance,3.0,Rural
6215,53,Rural Balance,3.0,Rural
6218,53,Rural Balance,3.0,Rural
6219,53,Rural Balance,3.0,Rural
6220,53,Rural Balance,3.0,Rural
6221,53,Rural Balance,3.0,Rural
6223,53,Rural Balance,3.0,Rural
6224,53,Rural Balance,3.0,Rural
6225,53,Rural Balance,3.0,Rural
6226,53,Rural Balance,3.0,Rural
6227,53,Rural Balance,3.0,Rural
6228,53,Rural Balance,3.0,Rural
6229,51,Other Urban,1.0,Urban
6230,53,Rural Balance,3.0,Rural
6232,51,Other Urban,1.0,Urban
6233,53,Rural Balance,3.0,Rural
6236,53,Rural Balance,3.0,Rural
6237,53,Rural Balance,3.0,Rural
6239,53,Rural Balance,3.0,Rural
6240,53,Rural Balance,3.0,Rural
6243,53,Rural Balance,3.0,Rural
6244,53,Rural Balance,3.0,Rural
6251,53,Rural Balance,3.0,Rural
6252,53,Rural Balance,3.0,Rural
6253,53,Rural Balance,3.0,Rural
6254,53,Rural Balance,3.0,Rural
6255,53,Rural Balance,3.0,Rural
6256,53,Rural Balance,3.0,Rural
6258,53,Rural Balance,3.0,Rural
6260,53,Rural Balance,3.0,Rural
6262,53,Rural Balance,3.0,Rural
6271,53,Rural Balance,3.0,Rural
6275,53,Rural Balance,3.0,Rural
6280,53,Rural Balance,3.0,Rural
6281,53,Rural Balance,3.0,Rural
6282,53,Rural Balance,3.0,Rural
6284,53,Rural Balance,3.0,Rural
6285,53,Rural Balance,3.0,Rural
6286,53,Rural Balance,3.0,Rural
6288,53,Rural Balance,3.0,Rural
6290,53,Rural Balance,3.0,Rural
6302,53,Rural Balance,3.0,Rural
6304,53,Rural Balance,3.0,Rural
6306,53,Rural Balance,3.0,Rural
6308,53,Rural Balance,3.0,Rural
6309,53,Rural Balance,3.0,Rural
6311,53,Rural Balance,3.0,Rural
6312,53,Rural Balance,3.0,Rural
6313,53,Rural Balance,3.0,Rural
6315,53,Rural Balance,3.0,Rural
6316,53,Rural Balance,3.0,Rural
6317,53,Rural Balance,3.0,Rural
6318,53,Rural Balance,3.0,Rural
6320,53,Rural Balance,3.0,Rural
6321,53,Rural Balance,3.0,Rural
6322,53,Rural Balance,3.0,Rural
6323,53,Rural Balance,3.0,Rural
6324,53,Rural Balance,3.0,Rural
6326,53,Rural Balance,3.0,Rural
6327,53,Rural Balance,3.0,Rural
6328,53,Rural Balance,3.0,Rural
6330,53,Rural Balance,3.0,Rural
6333,53,Rural Balance,3.0,Rural
6335,53,Rural Balance,3.0,Rural
6336,53,Rural Balance,3.0,Rural
6337,53,Rural Balance,3.0,Rural
6338,53,Rural Balance,3.0,Rural
6341,53,Rural Balance,3.0,Rural
6343,53,Rural Balance,3.0,Rural
6346,53,Rural Balance,3.0,Rural
6348,53,Rural Balance,3.0,Rural
6350,53,Rural Balance,3.0,Rural
6351,53,Rural Balance,3.0,Rural
6352,53,Rural Balance,3.0,Rural
6353,53,Rural Balance,3.0,Rural
6355,53,Rural Balance,3.0,Rural
6356,53,Rural Balance,3.0,Rural
6357,53,Rural Balance,3.0,Rural
6358,53,Rural Balance,3.0,Rural
6359,53,Rural Balance,3.0,Rural
6361,53,Rural Balance,3.0,Rural
6363,53,Rural Balance,3.0,Rural
6365,53,Rural Balance,3.0,Rural
6367,53,Rural Balance,3.0,Rural
6368,53,Rural Balance,3.0,Rural
6369,53,Rural Balance,3.0,Rural
6370,53,Rural Balance,3.0,Rural
6372,53,Rural Balance,3.0,Rural
6373,53,Rural Balance,3.0,Rural
6375,53,Rural Balance,3.0,Rural
6383,52,Bounded Locality,2.0,Rural
6384,53,Rural Balance,3.0,Rural
6385,53,Rural Balance,3.0,Rural
6386,53,Rural Balance,3.0,Rural
6390,53,Rural Balance,3.0,Rural
6391,53,Rural Balance,3.0,Rural
6392,53,Rural Balance,3.0,Rural
6393,53,Rural Balance,3.0,Rural
6394,53,Rural Balance,3.0,Rural
6395,53,Rural Balance,3.0,Rural
6396,53,Rural Balance,3.0,Rural
6397,53,Rural Balance,3.0,Rural
6398,53,Rural Balance,3.0,Rural
6401,53,Rural Balance,3.0,Rural
6403,53,Rural Balance,3.0,Rural
6405,53,Rural Balance,3.0,Rural
6407,53,Rural Balance,3.0,Rural
6409,53,Rural Balance,3.0,Rural
6410,53,Rural Balance,3.0,Rural
6411,53,Rural Balance,3.0,Rural
6412,53,Rural Balance,3.0,Rural
6413,53,Rural Balance,3.0,Rural
6414,53,Rural Balance,3.0,Rural
6415,53,Rural Balance,3.0,Rural
6418,53,Rural Balance,3.0,Rural
6419,53,Rural Balance,3.0,Rural
6420,53,Rural Balance,3.0,Rural
6421,53,Rural Balance,3.0,Rural
6422,53,Rural Balance,3.0,Rural
6423,53,Rural Balance,3.0,Rural
6424,53,Rural Balance,3.0,Rural
6425,53,Rural Balance,3.0,Rural
6426,53,Rural Balance,3.0,Rural
6427,53,Rural Balance,3.0,Rural
6428,53,Rural Balance,3.0,Rural
6429,53,Rural Balance,3.0,Rural
6430,51,Other Urban,1.0,Urban
6431,53,Rural Balance,3.0,Rural
6432,53,Rural Balance,3.0,Rural
6434,53,Rural Balance,3.0,Rural
6436,53,Rural Balance,3.0,Rural
6437,53,Rural Balance,3.0,Rural
6438,53,Rural Balance,3.0,Rural
6440,53,Rural Balance,3.0,Rural
6442,52,Bounded Locality,2.0,Rural
6443,53,Rural Balance,3.0,Rural
6445,53,Rural Balance,3.0,Rural
6446,53,Rural Balance,3.0,Rural
6447,53,Rural Balance,3.0,Rural
6448,53,Rural Balance,3.0,Rural
6450,53,Rural Balance,3.0,Rural
6452,53,Rural Balance,3.0,Rural
6460,53,Rural Balance,3.0,Rural
6461,53,Rural Balance,3.0,Rural
6462,53,Rural Balance,3.0,Rural
6463,53,Rural Balance,3.0,Rural
6465,53,Rural Balance,3.0,Rural
6466,53,Rural Balance,3.0,Rural
6467,53,Rural Balance,3.0,Rural
6468,53,Rural Balance,3.0,Rural
6470,53,Rural Balance,3.0,Rural
6472,53,Rural Balance,3.0,Rural
6473,53,Rural Balance,3.0,Rural
6475,53,Rural Balance,3.0,Rural
6476,53,Rural Balance,3.0,Rural
6477,53,Rural Balance,3.0,Rural
6479,53,Rural Balance,3.0,Rural
6480,53,Rural Balance,3.0,Rural
6484,53,Rural Balance,3.0,Rural
6485,53,Rural Balance,3.0,Rural
6487,53,Rural Balance,3.0,Rural
6488,53,Rural Balance,3.0,Rural
6489,53,Rural Balance,3.0,Rural
6490,53,Rural Balance,3.0,Rural
6501,53,Rural Balance,3.0,Rural
6502,53,Rural Balance,3.0,Rural
6503,53,Rural Balance,3.0,Rural
6504,53,Rural Balance,3.0,Rural
6505,53,Rural Balance,3.0,Rural
6506,53,Rural Balance,3.0,Rural
6507,53,Rural Balance,3.0,Rural
6509,53,Rural Balance,3.0,Rural
6510,53,Rural Balance,3.0,Rural
6511,52,Bounded Locality,2.0,Rural
6512,53,Rural Balance,3.0,Rural
6513,53,Rural Balance,3.0,Rural
6514,53,Rural Balance,3.0,Rural
6515,53,Rural Balance,3.0,Rural
6516,53,Rural Balance,3.0,Rural
6517,53,Rural Balance,3.0,Rural
6518,53,Rural Balance,3.0,Rural
6519,53,Rural Balance,3.0,Rural
6521,53,Rural Balance,3.0,Rural
6522,53,Rural Balance,3.0,Rural
6525,53,Rural Balance,3.0,Rural
6528,53,Rural Balance,3.0,Rural
6530,53,Rural Balance,3.0,Rural
6532,53,Rural Balance,3.0,Rural
6535,53,Rural Balance,3.0,Rural
6536,53,Rural Balance,3.0,Rural
6537,53,Rural Balance,3.0,Rural
6556,53,Rural Balance,3.0,Rural
6558,52,Bounded Locality,2.0,Rural
6560,53,Rural Balance,3.0,Rural
6562,53,Rural Balance,3.0,Rural
6564,53,Rural Balance,3.0,Rural
6566,53,Rural Balance,3.0,Rural
6567,53,Rural Balance,3.0,Rural
6568,53,Rural Balance,3.0,Rural
6569,53,Rural Balance,3.0,Rural
6571,53,Rural Balance,3.0,Rural
6572,53,Rural Balance,3.0,Rural
6574,53,Rural Balance,3.0,Rural
6575,53,Rural Balance,3.0,Rural
6603,52,Bounded Locality,2.0,Rural
6605,53,Rural Balance,3.0,Rural
6606,53,Rural Balance,3.0,Rural
6608,53,Rural Balance,3.0,Rural
6609,53,Rural Balance,3.0,Rural
6612,53,Rural Balance,3.0,Rural
6613,53,Rural Balance,3.0,Rural
6614,53,Rural Balance,3.0,Rural
6616,53,Rural Balance,3.0,Rural
6620,53,Rural Balance,3.0,Rural
6623,53,Rural Balance,3.0,Rural
6625,53,Rural Balance,3.0,Rural
6627,53,Rural Balance,3.0,Rural
6628,53,Rural Balance,3.0,Rural
6630,53,Rural Balance,3.0,Rural
6631,53,Rural Balance,3.0,Rural
6632,53,Rural Balance,3.0,Rural
6635,53,Rural Balance,3.0,Rural
6638,53,Rural Balance,3.0,Rural
6639,53,Rural Balance,3.0,Rural
6640,53,Rural Balance,3.0,Rural
6642,53,Rural Balance,3.0,Rural
6646,53,Rural Balance,3.0,Rural
6701,53,Rural Balance,3.0,Rural
6705,53,Rural Balance,3.0,Rural
6707,53,Rural Balance,3.0,Rural
6710,53,Rural Balance,3.0,Rural
6712,53,Rural Balance,3.0,Rural
6713,53,Rural Balance,3.0,Rural
6714,53,Rural Balance,3.0,Rural
6716,53,Rural Balance,3.0,Rural
6718,53,Rural Balance,3.0,Rural
6720,53,Rural Balance,3.0,Rural
6721,53,Rural Balance,3.0,Rural
6722,53,Rural Balance,3.0,Rural
6725,53,Rural Balance,3.0,Rural
6726,51,Other Urban,1.0,Urban
6728,53,Rural Balance,3.0,Rural
6740,53,Rural Balance,3.0,Rural
6743,53,Rural Balance,3.0,Rural
6751,53,Rural Balance,3.0,Rural
6753,53,Rural Balance,3.0,Rural
6754,53,Rural Balance,3.0,Rural
6758,53,Rural Balance,3.0,Rural
6760,53,Rural Balance,3.0,Rural
6762,53,Rural Balance,3.0,Rural
6765,53,Rural Balance,3.0,Rural
6770,53,Rural Balance,3.0,Rural
6798,93,Rural Balance,3.0,Rural
6799,53,Rural Balance,3.0,Rural
7000,60,Major Urban,0.0,Urban
7004,60,Major Urban,0.0,Urban
7005,60,Major Urban,0.0,Urban
7007,60,Major Urban,0.0,Urban
7008,60,Major Urban,0.0,Urban
7009,60,Major Urban,0.0,Urban
7010,60,Major Urban,0.0,Urban
7011,60,Major Urban,0.0,Urban
7012,63,Rural Balance,3.0,Rural
7015,60,Major Urban,0.0,Urban
7016,63,Rural Balance,3.0,Rural
7017,63,Rural Balance,3.0,Rural
7018,60,Major Urban,0.0,Urban
7019,60,Major Urban,0.0,Urban
7020,63,Rural Balance,3.0,Rural
7021,60,Major Urban,0.0,Urban
7022,63,Rural Balance,3.0,Rural
7023,62,Bounded Locality,2.0,Rural
7024,63,Rural Balance,3.0,Rural
7025,63,Rural Balance,3.0,Rural
7026,63,Rural Balance,3.0,Rural
7027,63,Rural Balance,3.0,Rural
7030,63,Rural Balance,3.0,Rural
7050,63,Rural Balance,3.0,Rural
7052,60,Major Urban,0.0,Urban
7053,60,Major Urban,0.0,Urban
7054,63,Rural Balance,3.0,Rural
7055,63,Rural Balance,3.0,Rural
7109,62,Bounded Locality,2.0,Rural
7112,63,Rural Balance,3.0,Rural
7113,63,Rural Balance,3.0,Rural
7116,63,Rural Balance,3.0,Rural
7117,63,Rural Balance,3.0,Rural
7119,63,Rural Balance,3.0,Rural
7120,63,Rural Balance,3.0,Rural
7139,63,Rural Balance,3.0,Rural
7140,63,Rural Balance,3.0,Rural
7150,63,Rural Balance,3.0,Rural
7155,62,Bounded Locality,2.0,Rural
7162,63,Rural Balance,3.0,Rural
7163,63,Rural Balance,3.0,Rural
7170,60,Major Urban,0.0,Urban
7171,63,Rural Balance,3.0,Rural
7172,63,Rural Balance,3.0,Rural
7173,63,Rural Balance,3.0,Rural
7174,63,Rural Balance,3.0,Rural
7175,63,Rural Balance,3.0,Rural
7176,63,Rural Balance,3.0,Rural
7177,63,Rural Balance,3.0,Rural
7178,63,Rural Balance,3.0,Rural
7179,63,Rural Balance,3.0,Rural
7180,63,Rural Balance,3.0,Rural
7182,63,Rural Balance,3.0,Rural
7183,63,Rural Balance,3.0,Rural
7184,63,Rural Balance,3.0,Rural
7185,63,Rural Balance,3.0,Rural
7186,63,Rural Balance,3.0,Rural
7187,63,Rural Balance,3.0,Rural
7190,63,Rural Balance,3.0,Rural
7209,63,Rural Balance,3.0,Rural
7210,63,Rural Balance,3.0,Rural
7211,63,Rural Balance,3.0,Rural
7212,63,Rural Balance,3.0,Rural
7213,63,Rural Balance,3.0,Rural
7214,63,Rural Balance,3.0,Rural
7215,63,Rural Balance,3.0,Rural
7216,63,Rural Balance,3.0,Rural
7248,61,Other Urban,1.0,Urban
7249,61,Other Urban,1.0,Urban
7250,61,Other Urban,1.0,Urban
7252,63,Rural Balance,3.0,Rural
7253,63,Rural Balance,3.0,Rural
7254,63,Rural Balance,3.0,Rural
7255,63,Rural Balance,3.0,Rural
7256,63,Rural Balance,3.0,Rural
7257,63,Rural Balance,3.0,Rural
7258,63,Rural Balance,3.0,Rural
7259,63,Rural Balance,3.0,Rural
7260,61,Other Urban,1.0,Urban
7261,63,Rural Balance,3.0,Rural
7262,63,Rural Balance,3.0,Rural
7263,63,Rural Balance,3.0,Rural
7264,63,Rural Balance,3.0,Rural
7265,63,Rural Balance,3.0,Rural
7267,63,Rural Balance,3.0,Rural
7268,63,Rural Balance,3.0,Rural
7270,63,Rural Balance,3.0,Rural
7275,63,Rural Balance,3.0,Rural
7276,62,Bounded Locality,2.0,Rural
7277,63,Rural Balance,3.0,Rural
7290,63,Rural Balance,3.0,Rural
7291,63,Rural Balance,3.0,Rural
7292,63,Rural Balance,3.0,Rural
7300,63,Rural Balance,3.0,Rural
7301,63,Rural Balance,3.0,Rural
7302,63,Rural Balance,3.0,Rural
7303,61,Other Urban,1.0,Urban
7304,63,Rural Balance,3.0,Rural
7305,63,Rural Balance,3.0,Rural
7306,63,Rural Balance,3.0,Rural
7307,63,Rural Balance,3.0,Rural
7310,63,Rural Balance,3.0,Rural
7315,63,Rural Balance,3.0,Rural
7316,63,Rural Balance,3.0,Rural
7320,61,Other Urban,1.0,Urban
7321,63,Rural Balance,3.0,Rural
7322,63,Rural Balance,3.0,Rural
7325,63,Rural Balance,3.0,Rural
7330,63,Rural Balance,3.0,Rural
7331,63,Rural Balance,3.0,Rural
7466,63,Rural Balance,3.0,Rural
7467,63,Rural Balance,3.0,Rural
7468,63,Rural Balance,3.0,Rural
7469,63,Rural Balance,3.0,Rural
7470,63,Rural Balance,3.0,Rural
9494,999,Unknown,999.0,Unknown
9797,999,Unknown,999.0,Unknown
ZZZZ,999,Unknown,999.0,Unknown
